Category,Location,Keyword,Name,URL
nhà hàng,"Quận 1, TP. Hồ Chí Minh","nhà hàng ở Quận 1, TP. Hồ Chí Minh",Ẩm Thực Chay Tuệ - Trần Hưng Đạo,https://www.google.com/maps/place/%E1%BA%A8m+Th%E1%BB%B1c+Chay+Tu%E1%BB%87+-+Tr%E1%BA%A7n+H%C6%B0ng+%C4%90%E1%BA%A1o/data=!4m7!3m6!1s0x31752f1d9ffd715d:0x677402ed6d5f410e!8m2!3d10.7637791!4d106.6913661!16s%2Fg%2F11stzy_4ff!19sChIJXXH9nx0vdTERDkFfbe0CdGc?authuser=0&hl=en&rclk=1
nhà hàng,"Quận 1, TP. Hồ Chí Minh","nhà hàng ở Quận 1, TP. Hồ Chí Minh",Cửa hàng thực phẩm hữu cơ Organica Quận 3,https://www.google.com/maps/place/C%E1%BB%ADa+h%C3%A0ng+th%E1%BB%B1c+ph%E1%BA%A9m+h%E1%BB%AFu+c%C6%A1+Organica+Qu%E1%BA%ADn+3/data=!4m7!3m6!1s0x31752f056213fca5:0xbc4c14410cf92cf9!8m2!3d10.7839139!4d106.6950145!16s%2Fg%2F11fl4lqlbp!19sChIJpfwTYgUvdTER-Sz5DEEUTLw?authuser=0&hl=en&rclk=1
nhà hàng,"Quận 1, TP. Hồ Chí Minh","nhà hàng ở Quận 1, TP. Hồ Chí Minh",Hàng Dương Quán Q1,https://www.google.com/maps/place/H%C3%A0ng+D%C6%B0%C6%A1ng+Qu%C3%A1n+Q1/data=!4m7!3m6!1s0x3168532aa82ab9f1:0x5f471336cc2918b1!8m2!3d10.773527!4d106.7053407!16s%2Fg%2F1pzpkw6tp!19sChIJ8bkqqCpTaDERsRgpzDYTR18?authuser=0&hl=en&rclk=1
nhà hàng,"Quận 1, TP. Hồ Chí Minh","nhà hàng ở Quận 1, TP. Hồ Chí Minh",Ngon Restaurant,https://www.google.com/maps/place/Ngon+Restaurant/data=!4m7!3m6!1s0x31752f48d88c3da3:0xbd0b6eeb085c542c!8m2!3d10.7774178!4d106.6996655!16s%2Fg%2F1tyzwh69!19sChIJoz2M2EgvdTERLFRcCOtuC70?authuser=0&hl=en&rclk=1
nhà hàng,"Quận 1, TP. Hồ Chí Minh","nhà hàng ở Quận 1, TP. Hồ Chí Minh",Nhà hàng Phố 79 (Chi nhánh 01),https://www.google.com/maps/place/Nh%C3%A0+h%C3%A0ng+Ph%E1%BB%91+79+%28Chi+nh%C3%A1nh+01%29/data=!4m7!3m6!1s0x31752f3cc5800b5f:0x93508afa2a0fa35c!8m2!3d10.7714413!4d106.6889478!16s%2Fg%2F11ysrqcw5!19sChIJXwuAxTwvdTERXKMPKvqKUJM?authuser=0&hl=en&rclk=1
nhà hàng,"Quận 1, TP. Hồ Chí Minh","nhà hàng ở Quận 1, TP. Hồ Chí Minh",Nhà hàng Dìn Ký,https://www.google.com/maps/place/Nh%C3%A0+h%C3%A0ng+D%C3%ACn+K%C3%BD/data=!4m7!3m6!1s0x31752f3d0c7df3a5:0xfec910ace567d42!8m2!3d10.7691776!4d106.690477!16s%2Fg%2F1tdp73b4!19sChIJpfN9DD0vdTERQn1WzgqR7A8?authuser=0&hl=en&rclk=1
nhà hàng,"Quận 1, TP. Hồ Chí Minh","nhà hàng ở Quận 1, TP. Hồ Chí Minh",Nhà hàng hải sản & lẩu Yeebo (Quận 1) - Yeebo Seafood and Hotpot Restaurant (District 1),https://www.google.com/maps/place/Nh%C3%A0+h%C3%A0ng+h%E1%BA%A3i+s%E1%BA%A3n+%26+l%E1%BA%A9u+Yeebo+%28Qu%E1%BA%ADn+1%29+-+Yeebo+Seafood+and+Hotpot+Restaurant+%28District+1%29/data=!4m7!3m6!1s0x31752f4ecb1adacb:0xd38d885d98cfe8c!8m2!3d10.7817787!4d106.7059981!16s%2Fg%2F1tfwmg15!19sChIJy9oay04vdTERjP6M2YXYOA0?authuser=0&hl=en&rclk=1
nhà hàng,"Quận 1, TP. Hồ Chí Minh","nhà hàng ở Quận 1, TP. Hồ Chí Minh",Nhà Hàng Lúa Đại Việt,https://www.google.com/maps/place/Nh%C3%A0+H%C3%A0ng+L%C3%BAa+%C4%90%E1%BA%A1i+Vi%E1%BB%87t/data=!4m7!3m6!1s0x31752f00f7377541:0xaf232af8525bdd27!8m2!3d10.767449!4d106.693858!16s%2Fg%2F11t6421078!19sChIJQXU39wAvdTERJ91bUvgqI68?authuser=0&hl=en&rclk=1
nhà hàng,"Quận 1, TP. Hồ Chí Minh","nhà hàng ở Quận 1, TP. Hồ Chí Minh",Lac Thai Restaurant,https://www.google.com/maps/place/Lac+Thai+Restaurant/data=!4m7!3m6!1s0x31752f46ed624351:0x926e0ee982909f3e!8m2!3d10.7746015!4d106.7042242!16s%2Fg%2F1thp5h9l!19sChIJUUNi7UYvdTERPp-QgukObpI?authuser=0&hl=en&rclk=1
món Việt,"Quận 1, TP. Hồ Chí Minh","món Việt ở Quận 1, TP. Hồ Chí Minh",Nhà Hàng Maison Mận-Đỏ,https://www.google.com/maps/place/Nh%C3%A0+H%C3%A0ng+Maison+M%E1%BA%ADn-%C4%90%E1%BB%8F/data=!4m7!3m6!1s0x31752615cbb637cd:0x58d42231236126da!8m2!3d10.7931422!4d106.690195!16s%2Fg%2F11gdry1ywx!19sChIJzTe2yxUmdTER2iZhIzEi1Fg?authuser=0&hl=en&rclk=1
món Việt,"Quận 1, TP. Hồ Chí Minh","món Việt ở Quận 1, TP. Hồ Chí Minh",Côn Sơn Restaurant & Lounge,https://www.google.com/maps/place/C%C3%B4n+S%C6%A1n+Restaurant+%26+Lounge/data=!4m7!3m6!1s0x31752fac4bc9f27d:0x7f78b7bf9cd3d81f!8m2!3d10.7843468!4d106.6850325!16s%2Fg%2F11rp0hrv8z!19sChIJffLJS6wvdTERH9jTnL-3eH8?authuser=0&hl=en&rclk=1
món Việt,"Quận 1, TP. Hồ Chí Minh","món Việt ở Quận 1, TP. Hồ Chí Minh",Ngon Restaurant,https://www.google.com/maps/place/Ngon+Restaurant/data=!4m7!3m6!1s0x31752f48d88c3da3:0xbd0b6eeb085c542c!8m2!3d10.7774178!4d106.6996655!16s%2Fg%2F1tyzwh69!19sChIJoz2M2EgvdTERLFRcCOtuC70?authuser=0&hl=en&rclk=1
món Việt,"Quận 1, TP. Hồ Chí Minh","món Việt ở Quận 1, TP. Hồ Chí Minh",Mộc Riêu Nướng Võ Văn Kiệt,https://www.google.com/maps/place/M%E1%BB%99c+Ri%C3%AAu+N%C6%B0%E1%BB%9Bng+V%C3%B5+V%C4%83n+Ki%E1%BB%87t/data=!4m7!3m6!1s0x31752f1388b34ef7:0x1fbb2b541fdf2da8!8m2!3d10.7619271!4d106.6960578!16s%2Fg%2F11clzv4nwq!19sChIJ906ziBMvdTERqC3fH1Qrux8?authuser=0&hl=en&rclk=1
món Việt,"Quận 1, TP. Hồ Chí Minh","món Việt ở Quận 1, TP. Hồ Chí Minh",Secret Garden Restaurant,https://www.google.com/maps/place/Secret+Garden+Restaurant/data=!4m7!3m6!1s0x31752f3809e41243:0x782bda7d69de8ec1!8m2!3d10.777296!4d106.6997766!16s%2Fg%2F11b6gqdn0y!19sChIJQxLkCTgvdTERwY7eaX3aK3g?authuser=0&hl=en&rclk=1
món Việt,"Quận 1, TP. Hồ Chí Minh","món Việt ở Quận 1, TP. Hồ Chí Minh",Nam Giao Restaurant,https://www.google.com/maps/place/Nam+Giao+Restaurant/data=!4m7!3m6!1s0x31752f38c8714eef:0x79447120e31aab59!8m2!3d10.7737971!4d106.6979477!16s%2Fg%2F1tfjyc12!19sChIJ705xyDgvdTERWasa4yBxRHk?authuser=0&hl=en&rclk=1
món Việt,"Quận 1, TP. Hồ Chí Minh","món Việt ở Quận 1, TP. Hồ Chí Minh",Quan Bui - Original,https://www.google.com/maps/place/Quan+Bui+-+Original/data=!4m7!3m6!1s0x317528d29d23383f:0x985e8a9c4cf4b047!8m2!3d10.7813148!4d106.7058729!16s%2Fg%2F11xcs9x4w!19sChIJPzgjndIodTERR7D0TJyKXpg?authuser=0&hl=en&rclk=1
món Việt,"Quận 1, TP. Hồ Chí Minh","món Việt ở Quận 1, TP. Hồ Chí Minh",Di Mai Restaurant,https://www.google.com/maps/place/Di+Mai+Restaurant/data=!4m7!3m6!1s0x31752f3fcbc80141:0x487d827aa00014ea!8m2!3d10.768882!4d106.6971483!16s%2Fg%2F11csqk2_p1!19sChIJQQHIyz8vdTER6hQAoHqCfUg?authuser=0&hl=en&rclk=1
món Việt,"Quận 1, TP. Hồ Chí Minh","món Việt ở Quận 1, TP. Hồ Chí Minh",Pho Viet Nam,https://www.google.com/maps/place/Pho+Viet+Nam/data=!4m7!3m6!1s0x31752fba354e2425:0xa794a1a48ee7a0ca!8m2!3d10.771386!4d106.6961339!16s%2Fg%2F11sbfdzrgc!19sChIJJSRONbovdTERyqDnjqShlKc?authuser=0&hl=en&rclk=1
món Hàn,"Quận 1, TP. Hồ Chí Minh","món Hàn ở Quận 1, TP. Hồ Chí Minh",Nhà Hàng Hàn Quốc DORAN DORAN - 도란 도란 한식당,https://www.google.com/maps/place/Nh%C3%A0+H%C3%A0ng+H%C3%A0n+Qu%E1%BB%91c+DORAN+DORAN+-+%EB%8F%84%EB%9E%80+%EB%8F%84%EB%9E%80+%ED%95%9C%EC%8B%9D%EB%8B%B9/data=!4m7!3m6!1s0x31752ff8ed686e27:0x1538ce5831d6929d!8m2!3d10.7645678!4d106.6943001!16s%2Fg%2F11k3pymxcr!19sChIJJ25o7fgvdTERnZLWMVjOOBU?authuser=0&hl=en&rclk=1
món Hàn,"Quận 1, TP. Hồ Chí Minh","món Hàn ở Quận 1, TP. Hồ Chí Minh",Palsaik Hàn Quốc BBQ (Đông Du),https://www.google.com/maps/place/Palsaik+H%C3%A0n+Qu%E1%BB%91c+BBQ+%28%C4%90%C3%B4ng+Du%29/data=!4m7!3m6!1s0x31752f80229c59bd:0x3d41d4dd7c49da2!8m2!3d10.775929!4d106.7044045!16s%2Fg%2F11jt3g9jcy!19sChIJvVmcIoAvdTERop3E100d1AM?authuser=0&hl=en&rclk=1
món Hàn,"Quận 1, TP. Hồ Chí Minh","món Hàn ở Quận 1, TP. Hồ Chí Minh",Nhà hàng Hàn Quốc Myung Ga,https://www.google.com/maps/place/Nh%C3%A0+h%C3%A0ng+H%C3%A0n+Qu%E1%BB%91c+Myung+Ga/data=!4m7!3m6!1s0x31752f36280da599:0xd9a160bf8110b575!8m2!3d10.7812654!4d106.7005148!16s%2Fg%2F12vqvyr5b!19sChIJmaUNKDYvdTERdbUQgb9godk?authuser=0&hl=en&rclk=1
món Hàn,"Quận 1, TP. Hồ Chí Minh","món Hàn ở Quận 1, TP. Hồ Chí Minh",Matchandeul BBQ,https://www.google.com/maps/place/Matchandeul+BBQ/data=!4m7!3m6!1s0x31752f6bdd9ec807:0xe2446b4265511760!8m2!3d10.7689445!4d106.6896309!16s%2Fg%2F11hz9bf5jn!19sChIJB8ie3WsvdTERYBdRZUJrROI?authuser=0&hl=en&rclk=1
món Hàn,"Quận 1, TP. Hồ Chí Minh","món Hàn ở Quận 1, TP. Hồ Chí Minh",NHÀ HÀNG HÀN QUỐC XÊ - UN,https://www.google.com/maps/place/NH%C3%80+H%C3%80NG+H%C3%80N+QU%E1%BB%90C+X%C3%8A+-+UN/data=!4m7!3m6!1s0x31752ff46280d363:0x5e650fa4d4e8ab04!8m2!3d10.766613!4d106.687892!16s%2Fg%2F11v9k6ms6r!19sChIJY9OAYvQvdTERBKvo1KQPZV4?authuser=0&hl=en&rclk=1
món Hàn,"Quận 1, TP. Hồ Chí Minh","món Hàn ở Quận 1, TP. Hồ Chí Minh",BULMAKYEOLSAM [Quận 1],https://www.google.com/maps/place/BULMAKYEOLSAM+%5BQu%E1%BA%ADn+1%5D/data=!4m7!3m6!1s0x31752fdcbc4e891f:0x7af6ac1f4a6b63af!8m2!3d10.7660356!4d106.6933695!16s%2Fg%2F11lds10rtg!19sChIJH4lOvNwvdTERr2NrSh-s9no?authuser=0&hl=en&rclk=1
món Hàn,"Quận 1, TP. Hồ Chí Minh","món Hàn ở Quận 1, TP. Hồ Chí Minh",Korean Grill - Buzza BBQ,https://www.google.com/maps/place/Korean+Grill+-+Buzza+BBQ/data=!4m7!3m6!1s0x31752fc18cfc53a3:0x99ef0309db6e66e0!8m2!3d10.7641074!4d106.6825526!16s%2Fg%2F11s5njqts6!19sChIJo1P8jMEvdTER4GZu2wkD75k?authuser=0&hl=en&rclk=1
món Hàn,"Quận 1, TP. Hồ Chí Minh","món Hàn ở Quận 1, TP. Hồ Chí Minh",GoGi House,https://www.google.com/maps/place/GoGi+House/data=!4m7!3m6!1s0x31752f4877d5a885:0x66a10150c0abe6b5!8m2!3d10.7779479!4d106.7019968!16s%2Fg%2F11cncyfhh9!19sChIJhajVd0gvdTERtearwFABoWY?authuser=0&hl=en&rclk=1
món Hàn,"Quận 1, TP. Hồ Chí Minh","món Hàn ở Quận 1, TP. Hồ Chí Minh",Kyung Bok Gung,https://www.google.com/maps/place/Kyung+Bok+Gung/data=!4m7!3m6!1s0x31752f461738a79b:0x49b1c52cd2445f03!8m2!3d10.7772243!4d106.7044828!16s%2Fg%2F11dxc_83px!19sChIJm6c4F0YvdTERA19E0izFsUk?authuser=0&hl=en&rclk=1
món Nhật,"Quận 1, TP. Hồ Chí Minh","món Nhật ở Quận 1, TP. Hồ Chí Minh",Michi Sushi - 42 Nguyễn Huệ - lầu 7,https://www.google.com/maps/place/Michi+Sushi+-+42+Nguy%E1%BB%85n+Hu%E1%BB%87+-+l%E1%BA%A7u+7/data=!4m7!3m6!1s0x31752feba376584f:0x92ba9fbac054a514!8m2!3d10.7741061!4d106.7040918!16s%2Fg%2F11gl21njr7!19sChIJT1h2o-svdTERFKVUwLqfupI?authuser=0&hl=en&rclk=1
món Nhật,"Quận 1, TP. Hồ Chí Minh","món Nhật ở Quận 1, TP. Hồ Chí Minh",Sushi Haru Nguyễn Thái Học,https://www.google.com/maps/place/Sushi+Haru+Nguy%E1%BB%85n+Th%C3%A1i+H%E1%BB%8Dc/data=!4m7!3m6!1s0x31752fc053ff709f:0x2d8657ec83356d93!8m2!3d10.76715!4d106.695665!16s%2Fg%2F11rkf6gl9w!19sChIJn3D_U8AvdTERk201g-xXhi0?authuser=0&hl=en&rclk=1
món Nhật,"Quận 1, TP. Hồ Chí Minh","món Nhật ở Quận 1, TP. Hồ Chí Minh",Sushi Tony,https://www.google.com/maps/place/Sushi+Tony/data=!4m7!3m6!1s0x31752f157d82951d:0x9447ea04fa3407d2!8m2!3d10.7678502!4d106.7006523!16s%2Fg%2F11c52_gf1x!19sChIJHZWCfRUvdTER0gc0-gTqR5Q?authuser=0&hl=en&rclk=1
món Nhật,"Quận 1, TP. Hồ Chí Minh","món Nhật ở Quận 1, TP. Hồ Chí Minh",Kyo Hannari Sushi Vincom Đồng Khởi,https://www.google.com/maps/place/Kyo+Hannari+Sushi+Vincom+%C4%90%E1%BB%93ng+Kh%E1%BB%9Fi/data=!4m7!3m6!1s0x31752f4782f39f29:0xb241ca826c29f1a1!8m2!3d10.7775769!4d106.70161!16s%2Fg%2F11sh4h6ds2!19sChIJKZ_zgkcvdTERofEpbILKQbI?authuser=0&hl=en&rclk=1
món Nhật,"Quận 1, TP. Hồ Chí Minh","món Nhật ở Quận 1, TP. Hồ Chí Minh",寿司と天ぷら居酒屋かむら- Izakaya Kamura,https://www.google.com/maps/place/%E5%AF%BF%E5%8F%B8%E3%81%A8%E5%A4%A9%E3%81%B7%E3%82%89%E5%B1%85%E9%85%92%E5%B1%8B%E3%81%8B%E3%82%80%E3%82%89-+Izakaya+Kamura/data=!4m7!3m6!1s0x31752f58467e70a7:0x335ab44670af1e6f!8m2!3d10.7796607!4d106.705124!16s%2Fg%2F11rc9mwf4x!19sChIJp3B-RlgvdTERbx6vcEa0WjM?authuser=0&hl=en&rclk=1
món Nhật,"Quận 1, TP. Hồ Chí Minh","món Nhật ở Quận 1, TP. Hồ Chí Minh",Sushi Hokkaido Sachi,https://www.google.com/maps/place/Sushi+Hokkaido+Sachi/data=!4m7!3m6!1s0x31752f3abf456a97:0x52221d96da9fe064!8m2!3d10.769147!4d106.6903649!16s%2Fg%2F11cs80x9gr!19sChIJl2pFvzovdTERZOCf2pYdIlI?authuser=0&hl=en&rclk=1
món Nhật,"Quận 1, TP. Hồ Chí Minh","món Nhật ở Quận 1, TP. Hồ Chí Minh",ENYA - IZAKAYA,https://www.google.com/maps/place/ENYA+-+IZAKAYA/data=!4m7!3m6!1s0x31752f0cd06261db:0x62eda328a81a5158!8m2!3d10.7804259!4d106.7048677!16s%2Fg%2F11pd1vr2r7!19sChIJ22Fi0AwvdTERWFEaqCij7WI?authuser=0&hl=en&rclk=1
món Nhật,"Quận 1, TP. Hồ Chí Minh","món Nhật ở Quận 1, TP. Hồ Chí Minh",MIYEN - Japanese Fusion Cuisine,https://www.google.com/maps/place/MIYEN+-+Japanese+Fusion+Cuisine/data=!4m7!3m6!1s0x31752fa55c104b53:0x72a837db2074d0b9!8m2!3d10.7782874!4d106.6984709!16s%2Fg%2F11ngnq90fz!19sChIJU0sQXKUvdTERudB0INs3qHI?authuser=0&hl=en&rclk=1
món Nhật,"Quận 1, TP. Hồ Chí Minh","món Nhật ở Quận 1, TP. Hồ Chí Minh",izakaya Matsuki,https://www.google.com/maps/place/izakaya+Matsuki/data=!4m7!3m6!1s0x3175297a45ca06b7:0x78995ec8755c4bd5!8m2!3d10.7794962!4d106.7053623!16s%2Fg%2F11p773bl4d!19sChIJtwbKRXopdTER1UtcdchemXg?authuser=0&hl=en&rclk=1
món Trung,"Quận 1, TP. Hồ Chí Minh","món Trung ở Quận 1, TP. Hồ Chí Minh",Nhà hàng Tân Hải Vân,https://www.google.com/maps/place/Nh%C3%A0+h%C3%A0ng+T%C3%A2n+H%E1%BA%A3i+V%C3%A2n/data=!4m7!3m6!1s0x31752f3d72a47283:0x769982d59b7e9b36!8m2!3d10.7694341!4d106.6903845!16s%2Fg%2F1tmk5_kb!19sChIJg3Kkcj0vdTERNpt-m9WCmXY?authuser=0&hl=en&rclk=1
món Trung,"Quận 1, TP. Hồ Chí Minh","món Trung ở Quận 1, TP. Hồ Chí Minh",San Fu Lou - Cantonese Kitchen (Vincom Đồng Khởi),https://www.google.com/maps/place/San+Fu+Lou+-+Cantonese+Kitchen+%28Vincom+%C4%90%E1%BB%93ng+Kh%E1%BB%9Fi%29/data=!4m7!3m6!1s0x31752fd4427a955d:0xe510dc79fd45192a!8m2!3d10.7780263!4d106.7020418!16s%2Fg%2F11f62tc5gq!19sChIJXZV6QtQvdTERKhlF_XncEOU?authuser=0&hl=en&rclk=1
món Trung,"Quận 1, TP. Hồ Chí Minh","món Trung ở Quận 1, TP. Hồ Chí Minh",Yu Chu - Chinese Restaurant,https://www.google.com/maps/place/Yu+Chu+-+Chinese+Restaurant/data=!4m7!3m6!1s0x31752f4833b03055:0x72d976563f0851f2!8m2!3d10.7808385!4d106.7007012!16s%2Fg%2F11bxjq3ww0!19sChIJVTCwM0gvdTER8lEIP1Z22XI?authuser=0&hl=en&rclk=1
món Trung,"Quận 1, TP. Hồ Chí Minh","món Trung ở Quận 1, TP. Hồ Chí Minh",Dim Tu Tac,https://www.google.com/maps/place/Dim+Tu+Tac/data=!4m7!3m6!1s0x31752f420659913b:0xd4e83e57cc5610d1!8m2!3d10.7755584!4d106.7043141!16s%2Fg%2F11bwfg30tb!19sChIJO5FZBkIvdTER0RBWzFc-6NQ?authuser=0&hl=en&rclk=1
món Trung,"Quận 1, TP. Hồ Chí Minh","món Trung ở Quận 1, TP. Hồ Chí Minh",Shang Garden,https://www.google.com/maps/place/Shang+Garden/data=!4m7!3m6!1s0x31752f3d47f2eeb5:0x4d38486016136fdb!8m2!3d10.769313!4d106.688906!16s%2Fg%2F11fy_p_233!19sChIJte7yRz0vdTER228TFmBIOE0?authuser=0&hl=en&rclk=1
món Trung,"Quận 1, TP. Hồ Chí Minh","món Trung ở Quận 1, TP. Hồ Chí Minh",Li Bai - Authentic Cantonese Restaurant,https://www.google.com/maps/place/Li+Bai+-+Authentic+Cantonese+Restaurant/data=!4m7!3m6!1s0x31752f91eed42415:0xa178e41d3c672dda!8m2!3d10.7758069!4d106.7039095!16s%2Fg%2F11sm70dxh6!19sChIJFSTU7pEvdTER2i1nPB3keKE?authuser=0&hl=en&rclk=1
món Trung,"Quận 1, TP. Hồ Chí Minh","món Trung ở Quận 1, TP. Hồ Chí Minh",Ocean Palace,https://www.google.com/maps/place/Ocean+Palace/data=!4m7!3m6!1s0x31752f4b6ef63625:0xcdb76952061f5755!8m2!3d10.7872199!4d106.7044943!16s%2Fg%2F1hc28v5xp!19sChIJJTb2bksvdTERVVcfBlJpt80?authuser=0&hl=en&rclk=1
món Trung,"Quận 1, TP. Hồ Chí Minh","món Trung ở Quận 1, TP. Hồ Chí Minh",Dynasty House (Phùng Khắc Khoan),https://www.google.com/maps/place/Dynasty+House+%28Ph%C3%B9ng+Kh%E1%BA%AFc+Khoan%29/data=!4m7!3m6!1s0x31752f4c4649068d:0xf4e1c844a2318a69!8m2!3d10.7875909!4d106.6950759!16s%2Fg%2F11pd0q40c1!19sChIJjQZJRkwvdTERaYoxokTI4fQ?authuser=0&hl=en&rclk=1
món Trung,"Quận 1, TP. Hồ Chí Minh","món Trung ở Quận 1, TP. Hồ Chí Minh",San Fu Lou,https://www.google.com/maps/place/San+Fu+Lou/data=!4m7!3m6!1s0x31752f3e7e1be0ad:0x1267a480eafe82a3!8m2!3d10.7703769!4d106.6943197!16s%2Fg%2F11cn8s2hxp!19sChIJreAbfj4vdTERo4L-6oCkZxI?authuser=0&hl=en&rclk=1
món Thái,"Quận 1, TP. Hồ Chí Minh","món Thái ở Quận 1, TP. Hồ Chí Minh",Nhà hàng Tân Hải Vân,https://www.google.com/maps/place/Nh%C3%A0+h%C3%A0ng+T%C3%A2n+H%E1%BA%A3i+V%C3%A2n/data=!4m7!3m6!1s0x31752f3d72a47283:0x769982d59b7e9b36!8m2!3d10.7694341!4d106.6903845!16s%2Fg%2F1tmk5_kb!19sChIJg3Kkcj0vdTERNpt-m9WCmXY?authuser=0&hl=en&rclk=1
món Thái,"Quận 1, TP. Hồ Chí Minh","món Thái ở Quận 1, TP. Hồ Chí Minh",San Fu Lou - Cantonese Kitchen (Vincom Đồng Khởi),https://www.google.com/maps/place/San+Fu+Lou+-+Cantonese+Kitchen+%28Vincom+%C4%90%E1%BB%93ng+Kh%E1%BB%9Fi%29/data=!4m7!3m6!1s0x31752fd4427a955d:0xe510dc79fd45192a!8m2!3d10.7780263!4d106.7020418!16s%2Fg%2F11f62tc5gq!19sChIJXZV6QtQvdTERKhlF_XncEOU?authuser=0&hl=en&rclk=1
món Thái,"Quận 1, TP. Hồ Chí Minh","món Thái ở Quận 1, TP. Hồ Chí Minh",Yu Chu - Chinese Restaurant,https://www.google.com/maps/place/Yu+Chu+-+Chinese+Restaurant/data=!4m7!3m6!1s0x31752f4833b03055:0x72d976563f0851f2!8m2!3d10.7808385!4d106.7007012!16s%2Fg%2F11bxjq3ww0!19sChIJVTCwM0gvdTER8lEIP1Z22XI?authuser=0&hl=en&rclk=1
món Thái,"Quận 1, TP. Hồ Chí Minh","món Thái ở Quận 1, TP. Hồ Chí Minh",Dim Tu Tac,https://www.google.com/maps/place/Dim+Tu+Tac/data=!4m7!3m6!1s0x31752f420659913b:0xd4e83e57cc5610d1!8m2!3d10.7755584!4d106.7043141!16s%2Fg%2F11bwfg30tb!19sChIJO5FZBkIvdTER0RBWzFc-6NQ?authuser=0&hl=en&rclk=1
món Thái,"Quận 1, TP. Hồ Chí Minh","món Thái ở Quận 1, TP. Hồ Chí Minh",Shang Garden,https://www.google.com/maps/place/Shang+Garden/data=!4m7!3m6!1s0x31752f3d47f2eeb5:0x4d38486016136fdb!8m2!3d10.769313!4d106.688906!16s%2Fg%2F11fy_p_233!19sChIJte7yRz0vdTER228TFmBIOE0?authuser=0&hl=en&rclk=1
món Thái,"Quận 1, TP. Hồ Chí Minh","món Thái ở Quận 1, TP. Hồ Chí Minh",Li Bai - Authentic Cantonese Restaurant,https://www.google.com/maps/place/Li+Bai+-+Authentic+Cantonese+Restaurant/data=!4m7!3m6!1s0x31752f91eed42415:0xa178e41d3c672dda!8m2!3d10.7758069!4d106.7039095!16s%2Fg%2F11sm70dxh6!19sChIJFSTU7pEvdTER2i1nPB3keKE?authuser=0&hl=en&rclk=1
món Thái,"Quận 1, TP. Hồ Chí Minh","món Thái ở Quận 1, TP. Hồ Chí Minh",Ocean Palace,https://www.google.com/maps/place/Ocean+Palace/data=!4m7!3m6!1s0x31752f4b6ef63625:0xcdb76952061f5755!8m2!3d10.7872199!4d106.7044943!16s%2Fg%2F1hc28v5xp!19sChIJJTb2bksvdTERVVcfBlJpt80?authuser=0&hl=en&rclk=1
món Thái,"Quận 1, TP. Hồ Chí Minh","món Thái ở Quận 1, TP. Hồ Chí Minh",Dynasty House (Phùng Khắc Khoan),https://www.google.com/maps/place/Dynasty+House+%28Ph%C3%B9ng+Kh%E1%BA%AFc+Khoan%29/data=!4m7!3m6!1s0x31752f4c4649068d:0xf4e1c844a2318a69!8m2!3d10.7875909!4d106.6950759!16s%2Fg%2F11pd0q40c1!19sChIJjQZJRkwvdTERaYoxokTI4fQ?authuser=0&hl=en&rclk=1
món Thái,"Quận 1, TP. Hồ Chí Minh","món Thái ở Quận 1, TP. Hồ Chí Minh",San Fu Lou,https://www.google.com/maps/place/San+Fu+Lou/data=!4m7!3m6!1s0x31752f3e7e1be0ad:0x1267a480eafe82a3!8m2!3d10.7703769!4d106.6943197!16s%2Fg%2F11cn8s2hxp!19sChIJreAbfj4vdTERo4L-6oCkZxI?authuser=0&hl=en&rclk=1
món Âu,"Quận 1, TP. Hồ Chí Minh","món Âu ở Quận 1, TP. Hồ Chí Minh",Nhà Hàng Maison Mận-Đỏ,https://www.google.com/maps/place/Nh%C3%A0+H%C3%A0ng+Maison+M%E1%BA%ADn-%C4%90%E1%BB%8F/data=!4m7!3m6!1s0x31752615cbb637cd:0x58d42231236126da!8m2!3d10.7931422!4d106.690195!16s%2Fg%2F11gdry1ywx!19sChIJzTe2yxUmdTER2iZhIzEi1Fg?authuser=0&hl=en&rclk=1
món Âu,"Quận 1, TP. Hồ Chí Minh","món Âu ở Quận 1, TP. Hồ Chí Minh",Bonjour Resto' Nguyễn Trãi,https://www.google.com/maps/place/Bonjour+Resto%27+Nguy%E1%BB%85n+Tr%C3%A3i/data=!4m7!3m6!1s0x31752f3d0ce64c2d:0xe92cff0b4e9287d8!8m2!3d10.7702015!4d106.6898313!16s%2Fg%2F1hc5t3n4p!19sChIJLUzmDD0vdTER2IeSTgv_LOk?authuser=0&hl=en&rclk=1
món Âu,"Quận 1, TP. Hồ Chí Minh","món Âu ở Quận 1, TP. Hồ Chí Minh",Hàng Dương Quán Q1,https://www.google.com/maps/place/H%C3%A0ng+D%C6%B0%C6%A1ng+Qu%C3%A1n+Q1/data=!4m7!3m6!1s0x3168532aa82ab9f1:0x5f471336cc2918b1!8m2!3d10.773527!4d106.7053407!16s%2Fg%2F1pzpkw6tp!19sChIJ8bkqqCpTaDERsRgpzDYTR18?authuser=0&hl=en&rclk=1
món Âu,"Quận 1, TP. Hồ Chí Minh","món Âu ở Quận 1, TP. Hồ Chí Minh",MOO BEEF STEAK PRIME,https://www.google.com/maps/place/MOO+BEEF+STEAK+PRIME/data=!4m7!3m6!1s0x31752f46a4258f7b:0x872dba9464e74db!8m2!3d10.7732065!4d106.7056656!16s%2Fg%2F11cr_0zs86!19sChIJe48lpEYvdTER23RORqnbcgg?authuser=0&hl=en&rclk=1
món Âu,"Quận 1, TP. Hồ Chí Minh","món Âu ở Quận 1, TP. Hồ Chí Minh",Au Parc Restaurant,https://www.google.com/maps/place/Au+Parc+Restaurant/data=!4m7!3m6!1s0x31752f378c9f5bf3:0x7e1388eb0419e27a!8m2!3d10.7787276!4d106.6980638!16s%2Fg%2F1hc2zh7r9!19sChIJ81ufjDcvdTEReuIZBOuIE34?authuser=0&hl=en&rclk=1
món Âu,"Quận 1, TP. Hồ Chí Minh","món Âu ở Quận 1, TP. Hồ Chí Minh",LERESTO - Món Pháp Giá Việt,https://www.google.com/maps/place/LERESTO+-+M%C3%B3n+Ph%C3%A1p+Gi%C3%A1+Vi%E1%BB%87t/data=!4m7!3m6!1s0x317529045cac0e47:0xfd07725f22b40d85!8m2!3d10.7939065!4d106.6862077!16s%2Fg%2F11fpjg0fhv!19sChIJRw6sXAQpdTERhQ20Il9yB_0?authuser=0&hl=en&rclk=1
món Âu,"Quận 1, TP. Hồ Chí Minh","món Âu ở Quận 1, TP. Hồ Chí Minh",Noir. Dining in the Dark,https://www.google.com/maps/place/Noir.+Dining+in+the+Dark/data=!4m7!3m6!1s0x31752f3470bd9e13:0xae854621c16b504b!8m2!3d10.7866367!4d106.6946782!16s%2Fg%2F11b6svyk28!19sChIJE569cDQvdTERS1BrwSFGha4?authuser=0&hl=en&rclk=1
món Âu,"Quận 1, TP. Hồ Chí Minh","món Âu ở Quận 1, TP. Hồ Chí Minh",MOO BEEF STEAK 109 LÝ TỰ TRỌNG,https://www.google.com/maps/place/MOO+BEEF+STEAK+109+L%C3%9D+T%E1%BB%B0+TR%E1%BB%8CNG/data=!4m7!3m6!1s0x31752f1196d58843:0x46f552d290af9dcc!8m2!3d10.7741553!4d106.6975717!16s%2Fg%2F11hdx7xw6y!19sChIJQ4jVlhEvdTERzJ2vkNJS9UY?authuser=0&hl=en&rclk=1
món Âu,"Quận 1, TP. Hồ Chí Minh","món Âu ở Quận 1, TP. Hồ Chí Minh",Gartenstadt Restaurant,https://www.google.com/maps/place/Gartenstadt+Restaurant/data=!4m7!3m6!1s0x31752f468e792a39:0x1c94140e15fa3cb5!8m2!3d10.7745741!4d106.7048991!16s%2Fg%2F1tgby7tc!19sChIJOSp5jkYvdTERtTz6FQ4UlBw?authuser=0&hl=en&rclk=1
món Ấn,"Quận 1, TP. Hồ Chí Minh","món Ấn ở Quận 1, TP. Hồ Chí Minh",INDIAN DHABA,https://www.google.com/maps/place/INDIAN+DHABA/data=!4m7!3m6!1s0x31752fd9bfd9d89f:0x54a795d390daa7fb!8m2!3d10.7671995!4d106.6910088!16s%2Fg%2F11svv63knh!19sChIJn9jZv9kvdTER-6fakNOVp1Q?authuser=0&hl=en&rclk=1
món Ấn,"Quận 1, TP. Hồ Chí Minh","món Ấn ở Quận 1, TP. Hồ Chí Minh",Baba's Kitchen Indian Restaurant D1,https://www.google.com/maps/place/Baba%27s+Kitchen+Indian+Restaurant+D1/data=!4m7!3m6!1s0x31752f1646b4070f:0xefea5374141673ea!8m2!3d10.765503!4d106.690284!16s%2Fg%2F1pzvm9mqn!19sChIJDwe0RhYvdTER6nMWFHRT6u8?authuser=0&hl=en&rclk=1
món Ấn,"Quận 1, TP. Hồ Chí Minh","món Ấn ở Quận 1, TP. Hồ Chí Minh",Tandoor Indian Restaurant,https://www.google.com/maps/place/Tandoor+Indian+Restaurant/data=!4m7!3m6!1s0x31752f46a58c56c3:0x5c7c2558cc3eeb!8m2!3d10.7731679!4d106.705366!16s%2Fg%2F11bwyxd27q!19sChIJw1aMpUYvdTER6z7MWCV8XAA?authuser=0&hl=en&rclk=1
món Ấn,"Quận 1, TP. Hồ Chí Minh","món Ấn ở Quận 1, TP. Hồ Chí Minh",Ngon Restaurant,https://www.google.com/maps/place/Ngon+Restaurant/data=!4m7!3m6!1s0x31752f48d88c3da3:0xbd0b6eeb085c542c!8m2!3d10.7774178!4d106.6996655!16s%2Fg%2F1tyzwh69!19sChIJoz2M2EgvdTERLFRcCOtuC70?authuser=0&hl=en&rclk=1
món Ấn,"Quận 1, TP. Hồ Chí Minh","món Ấn ở Quận 1, TP. Hồ Chí Minh",Chandni Chowk Indian Restaurant,https://www.google.com/maps/place/Chandni+Chowk+Indian+Restaurant/data=!4m7!3m6!1s0x31752f232c6d2b07:0xa1cbeb1e772ace46!8m2!3d10.7655317!4d106.6904188!16s%2Fg%2F11kqh9kbmc!19sChIJByttLCMvdTERRs4qdx7ry6E?authuser=0&hl=en&rclk=1
món Ấn,"Quận 1, TP. Hồ Chí Minh","món Ấn ở Quận 1, TP. Hồ Chí Minh",Hàng Dương Quán Q1,https://www.google.com/maps/place/H%C3%A0ng+D%C6%B0%C6%A1ng+Qu%C3%A1n+Q1/data=!4m7!3m6!1s0x3168532aa82ab9f1:0x5f471336cc2918b1!8m2!3d10.773527!4d106.7053407!16s%2Fg%2F1pzpkw6tp!19sChIJ8bkqqCpTaDERsRgpzDYTR18?authuser=0&hl=en&rclk=1
món Ấn,"Quận 1, TP. Hồ Chí Minh","món Ấn ở Quận 1, TP. Hồ Chí Minh",Dahi Handi Indian Restaurant,https://www.google.com/maps/place/Dahi+Handi+Indian+Restaurant/data=!4m7!3m6!1s0x31752f7a7d473e5d:0x1835902d3fa5e1ca!8m2!3d10.7761731!4d106.7048075!16s%2Fg%2F11gl12kgyd!19sChIJXT5HfXovdTERyuGlPy2QNRg?authuser=0&hl=en&rclk=1
món Ấn,"Quận 1, TP. Hồ Chí Minh","món Ấn ở Quận 1, TP. Hồ Chí Minh",Mộc Riêu Nướng Võ Văn Kiệt,https://www.google.com/maps/place/M%E1%BB%99c+Ri%C3%AAu+N%C6%B0%E1%BB%9Bng+V%C3%B5+V%C4%83n+Ki%E1%BB%87t/data=!4m7!3m6!1s0x31752f1388b34ef7:0x1fbb2b541fdf2da8!8m2!3d10.7619271!4d106.6960578!16s%2Fg%2F11clzv4nwq!19sChIJ906ziBMvdTERqC3fH1Qrux8?authuser=0&hl=en&rclk=1
món Ấn,"Quận 1, TP. Hồ Chí Minh","món Ấn ở Quận 1, TP. Hồ Chí Minh",Nhà hàng buffet chay Mãn Tự,https://www.google.com/maps/place/Nh%C3%A0+h%C3%A0ng+buffet+chay+M%C3%A3n+T%E1%BB%B1/data=!4m7!3m6!1s0x31752f158ee9f2bb:0xfb74e57e5ecfacfb!8m2!3d10.7677218!4d106.6842632!16s%2Fg%2F11h92ntdby!19sChIJu_LpjhUvdTER-6zPXn7ldPs?authuser=0&hl=en&rclk=1
món chay,"Quận 1, TP. Hồ Chí Minh","món chay ở Quận 1, TP. Hồ Chí Minh",Ẩm Thực Chay Tuệ - Trần Hưng Đạo,https://www.google.com/maps/place/%E1%BA%A8m+Th%E1%BB%B1c+Chay+Tu%E1%BB%87+-+Tr%E1%BA%A7n+H%C6%B0ng+%C4%90%E1%BA%A1o/data=!4m7!3m6!1s0x31752f1d9ffd715d:0x677402ed6d5f410e!8m2!3d10.7637791!4d106.6913661!16s%2Fg%2F11stzy_4ff!19sChIJXXH9nx0vdTERDkFfbe0CdGc?authuser=0&hl=en&rclk=1
món chay,"Quận 1, TP. Hồ Chí Minh","món chay ở Quận 1, TP. Hồ Chí Minh",Ẩm Thực Chay Tuệ - Mai Thị Lựu,https://www.google.com/maps/place/%E1%BA%A8m+Th%E1%BB%B1c+Chay+Tu%E1%BB%87+-+Mai+Th%E1%BB%8B+L%E1%BB%B1u/data=!4m7!3m6!1s0x31752964f496b5bd:0xe27ec36454a221a!8m2!3d10.791975!4d106.6983939!16s%2Fg%2F11t4yh0y3p!19sChIJvbWW9GQpdTERGiJKRTbsJw4?authuser=0&hl=en&rclk=1
món chay,"Quận 1, TP. Hồ Chí Minh","món chay ở Quận 1, TP. Hồ Chí Minh",Nhà Hàng Chay (Vegetarian Restaurant) Hoa Khai,https://www.google.com/maps/place/Nh%C3%A0+H%C3%A0ng+Chay+%28Vegetarian+Restaurant%29+Hoa+Khai/data=!4m7!3m6!1s0x31752f174527e5c3:0xe5c91f862ef45786!8m2!3d10.7638593!4d106.6895323!16s%2Fg%2F11cls6npzj!19sChIJw-UnRRcvdTERhlf0LoYfyeU?authuser=0&hl=en&rclk=1
món chay,"Quận 1, TP. Hồ Chí Minh","món chay ở Quận 1, TP. Hồ Chí Minh",Quán Chay Nhà,https://www.google.com/maps/place/Qu%C3%A1n+Chay+Nh%C3%A0/data=!4m7!3m6!1s0x31752f340692928b:0x61eacdc50902ff1a!8m2!3d10.784771!4d106.7003131!16s%2Fg%2F11s5p3rl3t!19sChIJi5KSBjQvdTERGv8CCcXN6mE?authuser=0&hl=en&rclk=1
món chay,"Quận 1, TP. Hồ Chí Minh","món chay ở Quận 1, TP. Hồ Chí Minh",SEN Vegan Restaurant,https://www.google.com/maps/place/SEN+Vegan+Restaurant/data=!4m7!3m6!1s0x31752f14fd9f023d:0x25da8d13776a3921!8m2!3d10.768228!4d106.6948686!16s%2Fg%2F1tdl3myc!19sChIJPQKf_RQvdTERITlqdxON2iU?authuser=0&hl=en&rclk=1
món chay,"Quận 1, TP. Hồ Chí Minh","món chay ở Quận 1, TP. Hồ Chí Minh",Nhà hàng chay Phương Mai,https://www.google.com/maps/place/Nh%C3%A0+h%C3%A0ng+chay+Ph%C6%B0%C6%A1ng+Mai/data=!4m7!3m6!1s0x31752f33313de573:0x58300b11d17e58bc!8m2!3d10.7890997!4d106.6921659!16s%2Fg%2F11ddzt26nf!19sChIJc-U9MTMvdTERvFh-0RELMFg?authuser=0&hl=en&rclk=1
món chay,"Quận 1, TP. Hồ Chí Minh","món chay ở Quận 1, TP. Hồ Chí Minh",Nhà hàng buffet chay Mãn Tự,https://www.google.com/maps/place/Nh%C3%A0+h%C3%A0ng+buffet+chay+M%C3%A3n+T%E1%BB%B1/data=!4m7!3m6!1s0x31752f158ee9f2bb:0xfb74e57e5ecfacfb!8m2!3d10.7677218!4d106.6842632!16s%2Fg%2F11h92ntdby!19sChIJu_LpjhUvdTER-6zPXn7ldPs?authuser=0&hl=en&rclk=1
món chay,"Quận 1, TP. Hồ Chí Minh","món chay ở Quận 1, TP. Hồ Chí Minh","Lẩu Nấm Chay An Nhiên (Chi nhánh Nguyễn Văn Thủ, Đakao Q1 và Chi nhánh Phạm Ngũ Lão p3 Gò Vấp)","https://www.google.com/maps/place/L%E1%BA%A9u+N%E1%BA%A5m+Chay+An+Nhi%C3%AAn+%28Chi+nh%C3%A1nh+Nguy%E1%BB%85n+V%C4%83n+Th%E1%BB%A7,+%C4%90akao+Q1+v%C3%A0+Chi+nh%C3%A1nh+Ph%E1%BA%A1m+Ng%C5%A9+L%C3%A3o+p3+G%C3%B2+V%E1%BA%A5p%29/data=!4m7!3m6!1s0x31752f35315c872d:0xe4f0007396cdc597!8m2!3d10.7883672!4d106.6974502!16s%2Fg%2F11f55kzxq9!19sChIJLYdcMTUvdTERl8XNlnMA8OQ?authuser=0&hl=en&rclk=1"
món chay,"Quận 1, TP. Hồ Chí Minh","món chay ở Quận 1, TP. Hồ Chí Minh",Quán Chay Chị Củ,https://www.google.com/maps/place/Qu%C3%A1n+Chay+Ch%E1%BB%8B+C%E1%BB%A7/data=!4m7!3m6!1s0x31752f11a180650d:0xa762b453c1999987!8m2!3d10.7591428!4d106.6921625!16s%2Fg%2F11c2p_ww0x!19sChIJDWWAoREvdTERh5mZwVO0Yqc?authuser=0&hl=en&rclk=1
cà phê,"Quận 1, TP. Hồ Chí Minh","cà phê ở Quận 1, TP. Hồ Chí Minh",Kai Coffee,https://www.google.com/maps/place/Kai+Coffee/data=!4m7!3m6!1s0x31752f3fee716247:0xbf7e648100309161!8m2!3d10.7684341!4d106.6989863!16s%2Fg%2F11cs6258x4!19sChIJR2Jx7j8vdTERYZEwAIFkfr8?authuser=0&hl=en&rclk=1
cà phê,"Quận 1, TP. Hồ Chí Minh","cà phê ở Quận 1, TP. Hồ Chí Minh",Soo Kafe,https://www.google.com/maps/place/Soo+Kafe/data=!4m7!3m6!1s0x31752f3f2ecd492d:0xe0f7a304b6059db5!8m2!3d10.772408!4d106.6972096!16s%2Fg%2F11f40000hd!19sChIJLUnNLj8vdTERtZ0FtgSj9-A?authuser=0&hl=en&rclk=1
cà phê,"Quận 1, TP. Hồ Chí Minh","cà phê ở Quận 1, TP. Hồ Chí Minh",r ê u . coffee,https://www.google.com/maps/place/r+%C3%AA+u+.+coffee/data=!4m7!3m6!1s0x31752f7eea782783:0x17b2d50c4d064639!8m2!3d10.767311!4d106.696205!16s%2Fg%2F11sx28zv7m!19sChIJgyd46n4vdTEROUYGTQzVshc?authuser=0&hl=en&rclk=1
cà phê,"Quận 1, TP. Hồ Chí Minh","cà phê ở Quận 1, TP. Hồ Chí Minh",CHOICE - Fresh Coffee and Tea,https://www.google.com/maps/place/CHOICE+-+Fresh+Coffee+and+Tea/data=!4m7!3m6!1s0x31752f5ba71bd9a3:0x16c10116802d0cd8!8m2!3d10.7770079!4d106.7038185!16s%2Fg%2F11v13c82pr!19sChIJo9kbp1svdTER2AwtgBYBwRY?authuser=0&hl=en&rclk=1
cà phê,"Quận 1, TP. Hồ Chí Minh","cà phê ở Quận 1, TP. Hồ Chí Minh",Cafe Vy,https://www.google.com/maps/place/Cafe+Vy/data=!4m7!3m6!1s0x31752f3ec0752e5b:0xd1f87095c76dd544!8m2!3d10.7716122!4d106.6955211!16s%2Fg%2F11r96m7yt!19sChIJWy51wD4vdTERRNVtx5Vw-NE?authuser=0&hl=en&rclk=1
cà phê,"Quận 1, TP. Hồ Chí Minh","cà phê ở Quận 1, TP. Hồ Chí Minh",Tonkin Specialty Coffee,https://www.google.com/maps/place/Tonkin+Specialty+Coffee/data=!4m7!3m6!1s0x31752fc740afa7cd:0xd1e4a0b284d44d60!8m2!3d10.7743893!4d106.6978901!16s%2Fg%2F11t6ktgltr!19sChIJzaevQMcvdTERYE3UhLKg5NE?authuser=0&hl=en&rclk=1
cà phê,"Quận 1, TP. Hồ Chí Minh","cà phê ở Quận 1, TP. Hồ Chí Minh",Beanthere Cafe - Hồ Hảo Hớn,https://www.google.com/maps/place/Beanthere+Cafe+-+H%E1%BB%93+H%E1%BA%A3o+H%E1%BB%9Bn/data=!4m7!3m6!1s0x31752f4cbdd5c65b:0xe906943eeae1ad30!8m2!3d10.7620064!4d106.6924088!16s%2Fg%2F11fnrb14hk!19sChIJW8bVvUwvdTERMK3h6j6UBuk?authuser=0&hl=en&rclk=1
cà phê,"Quận 1, TP. Hồ Chí Minh","cà phê ở Quận 1, TP. Hồ Chí Minh",Cafe Đen Đá,https://www.google.com/maps/place/Cafe+%C4%90en+%C4%90%C3%A1/data=!4m7!3m6!1s0x31752f378a9a6fa7:0xf5570f07ba83a5c9!8m2!3d10.7785065!4d106.6982525!16s%2Fg%2F11c53c5380!19sChIJp2-aijcvdTERyaWDugcPV_U?authuser=0&hl=en&rclk=1
cà phê,"Quận 1, TP. Hồ Chí Minh","cà phê ở Quận 1, TP. Hồ Chí Minh",K COFFEE Nguyễn Huệ,https://www.google.com/maps/place/K+COFFEE+Nguy%E1%BB%85n+Hu%E1%BB%87/data=!4m7!3m6!1s0x31752fe1fd9bfe67:0x8a6230e4541838c4!8m2!3d10.7746582!4d106.7034169!16s%2Fg%2F11wh7v4fb7!19sChIJZ_6b_eEvdTERxDgYVOQwYoo?authuser=0&hl=en&rclk=1
phở,"Quận 1, TP. Hồ Chí Minh","phở ở Quận 1, TP. Hồ Chí Minh",Pho Hung,https://www.google.com/maps/place/Pho+Hung/data=!4m7!3m6!1s0x31752f19d15e3a81:0xdcd7728d53d90a88!8m2!3d10.7649002!4d106.687693!16s%2Fg%2F11bwg6pds7!19sChIJgTpe0RkvdTERiArZU41y19w?authuser=0&hl=en&rclk=1
phở,"Quận 1, TP. Hồ Chí Minh","phở ở Quận 1, TP. Hồ Chí Minh",Phu Vuong Pho,https://www.google.com/maps/place/Phu+Vuong+Pho/data=!4m7!3m6!1s0x31752f3fe8f7e83d:0xc9d55225beeb91f!8m2!3d10.7683844!4d106.6985582!16s%2Fg%2F11bzr66btd!19sChIJPej36D8vdTERH7nuWyJVnQw?authuser=0&hl=en&rclk=1
phở,"Quận 1, TP. Hồ Chí Minh","phở ở Quận 1, TP. Hồ Chí Minh",Pho Viet Nam,https://www.google.com/maps/place/Pho+Viet+Nam/data=!4m7!3m6!1s0x31752fba354e2425:0xa794a1a48ee7a0ca!8m2!3d10.771386!4d106.6961339!16s%2Fg%2F11sbfdzrgc!19sChIJJSRONbovdTERyqDnjqShlKc?authuser=0&hl=en&rclk=1
phở,"Quận 1, TP. Hồ Chí Minh","phở ở Quận 1, TP. Hồ Chí Minh",Phở Cao Vân,https://www.google.com/maps/place/Ph%E1%BB%9F+Cao+V%C3%A2n/data=!4m7!3m6!1s0x31752f35f19a3ecd:0x58cb02188cf99385!8m2!3d10.784713!4d106.699285!16s%2Fg%2F11cl_4grh1!19sChIJzT6a8TUvdTERhZP5jBgCy1g?authuser=0&hl=en&rclk=1
phở,"Quận 1, TP. Hồ Chí Minh","phở ở Quận 1, TP. Hồ Chí Minh",Phở Phượng,https://www.google.com/maps/place/Ph%E1%BB%9F+Ph%C6%B0%E1%BB%A3ng/data=!4m7!3m6!1s0x31752945b4a30467:0x7c42e467e06eead6!8m2!3d10.7919219!4d106.7044668!16s%2Fg%2F11mb0gh4z_!19sChIJZwSjtEUpdTER1upu4GfkQnw?authuser=0&hl=en&rclk=1
phở,"Quận 1, TP. Hồ Chí Minh","phở ở Quận 1, TP. Hồ Chí Minh",Pho Hien nguyễn trãi,https://www.google.com/maps/place/Pho+Hien+nguy%E1%BB%85n+tr%C3%A3i/data=!4m7!3m6!1s0x31752f19c2c34077:0x58e66501cbf9d631!8m2!3d10.764155!4d106.687491!16s%2Fg%2F1pzsy7c5_!19sChIJd0DDwhkvdTERMdb5ywFl5lg?authuser=0&hl=en&rclk=1
phở,"Quận 1, TP. Hồ Chí Minh","phở ở Quận 1, TP. Hồ Chí Minh",Phở Hải,https://www.google.com/maps/place/Ph%E1%BB%9F+H%E1%BA%A3i/data=!4m7!3m6!1s0x317528cc3268ff57:0xc61917f5707abef7!8m2!3d10.7942671!4d106.6912214!16s%2Fg%2F11ggb8wgzy!19sChIJV_9oMswodTER9756cPUXGcY?authuser=0&hl=en&rclk=1
phở,"Quận 1, TP. Hồ Chí Minh","phở ở Quận 1, TP. Hồ Chí Minh",Phở Vị,https://www.google.com/maps/place/Ph%E1%BB%9F+V%E1%BB%8B/data=!4m7!3m6!1s0x31752f3fb0b08a91:0x63e50be8d0cf2096!8m2!3d10.7625395!4d106.6871291!16s%2Fg%2F11tcxwr2bb!19sChIJkYqwsD8vdTERliDP0OgL5WM?authuser=0&hl=en&rclk=1
phở,"Quận 1, TP. Hồ Chí Minh","phở ở Quận 1, TP. Hồ Chí Minh",Phở Hiền 1985- Trần Quang Khải,https://www.google.com/maps/place/Ph%E1%BB%9F+Hi%E1%BB%81n+1985-+Tr%E1%BA%A7n+Quang+Kh%E1%BA%A3i/data=!4m7!3m6!1s0x317528cc7c0f91b3:0x462718de3a7eb740!8m2!3d10.7927471!4d106.6935179!16s%2Fg%2F1tp05lj0!19sChIJs5EPfMwodTERQLd-Ot4YJ0Y?authuser=0&hl=en&rclk=1
bánh mì,"Quận 1, TP. Hồ Chí Minh","bánh mì ở Quận 1, TP. Hồ Chí Minh",Bánh Mì Bà Huynh (Madam Win),https://www.google.com/maps/place/B%C3%A1nh+M%C3%AC+B%C3%A0+Huynh+%28Madam+Win%29/data=!4m7!3m6!1s0x31752f08f74359b5:0x7b7840c735067b3f!8m2!3d10.766281!4d106.6881287!16s%2Fg%2F11vf6qk16p!19sChIJtVlD9wgvdTERP3sGNcdAeHs?authuser=0&hl=en&rclk=1
bánh mì,"Quận 1, TP. Hồ Chí Minh","bánh mì ở Quận 1, TP. Hồ Chí Minh",Bánh Mì Huynh Hoa,https://www.google.com/maps/place/B%C3%A1nh+M%C3%AC+Huynh+Hoa/data=!4m7!3m6!1s0x31752f9a2b48b0f5:0x6a60bc45340de55c!8m2!3d10.7715226!4d106.6923968!16s%2Fg%2F11rfn3ghz4!19sChIJ9bBIK5ovdTERXOUNNEW8YGo?authuser=0&hl=en&rclk=1
bánh mì,"Quận 1, TP. Hồ Chí Minh","bánh mì ở Quận 1, TP. Hồ Chí Minh",Bánh Mì Hồng Hoa,https://www.google.com/maps/place/B%C3%A1nh+M%C3%AC+H%E1%BB%93ng+Hoa/data=!4m7!3m6!1s0x31752f3c5037484b:0x93a8703601d67a56!8m2!3d10.7709871!4d106.691729!16s%2Fg%2F11b88kpx17!19sChIJS0g3UDwvdTERVnrWATZwqJM?authuser=0&hl=en&rclk=1
bánh mì,"Quận 1, TP. Hồ Chí Minh","bánh mì ở Quận 1, TP. Hồ Chí Minh",Bánh mì chảo Dì Nữ,https://www.google.com/maps/place/B%C3%A1nh+m%C3%AC+ch%E1%BA%A3o+D%C3%AC+N%E1%BB%AF/data=!4m7!3m6!1s0x31752f3ea8196133:0x1121fa7f48a9407e!8m2!3d10.7723019!4d106.6943719!16s%2Fg%2F11f5h5s6l7!19sChIJM2EZqD4vdTERfkCpSH_6IRE?authuser=0&hl=en&rclk=1
bánh mì,"Quận 1, TP. Hồ Chí Minh","bánh mì ở Quận 1, TP. Hồ Chí Minh",Bánh Mì Như Lan,https://www.google.com/maps/place/B%C3%A1nh+M%C3%AC+Nh%C6%B0+Lan/data=!4m7!3m6!1s0x31752f416b348db5:0xf0a1ac863e3e378e!8m2!3d10.7711169!4d106.704177!16s%2Fg%2F11h_z9ry67!19sChIJtY00a0EvdTERjjc-PoasofA?authuser=0&hl=en&rclk=1
bánh mì,"Quận 1, TP. Hồ Chí Minh","bánh mì ở Quận 1, TP. Hồ Chí Minh",A Tùng Bánh mì bò nướng bơ Campuchia,https://www.google.com/maps/place/A+T%C3%B9ng+B%C3%A1nh+m%C3%AC+b%C3%B2+n%C6%B0%E1%BB%9Bng+b%C6%A1+Campuchia/data=!4m7!3m6!1s0x31752f17900c9c97:0x4b44dc1a51c4f015!8m2!3d10.7663477!4d106.6888188!16s%2Fg%2F11cs6gsksp!19sChIJl5wMkBcvdTERFfDEURrcREs?authuser=0&hl=en&rclk=1
bánh mì,"Quận 1, TP. Hồ Chí Minh","bánh mì ở Quận 1, TP. Hồ Chí Minh",Bánh Mì Bảy Hổ,https://www.google.com/maps/place/B%C3%A1nh+M%C3%AC+B%E1%BA%A3y+H%E1%BB%95/data=!4m7!3m6!1s0x317528cb26b4b097:0xa09c90d1302bea4d!8m2!3d10.7904059!4d106.696678!16s%2Fg%2F11btx64z4d!19sChIJl7C0JssodTERTeorMNGQnKA?authuser=0&hl=en&rclk=1
bánh mì,"Quận 1, TP. Hồ Chí Minh","bánh mì ở Quận 1, TP. Hồ Chí Minh",Bánh mì Anh Phán,https://www.google.com/maps/place/B%C3%A1nh+m%C3%AC+Anh+Ph%C3%A1n/data=!4m7!3m6!1s0x31752f17bd6785a5:0xfd9a6c1bfdbb5045!8m2!3d10.76618!4d106.6893197!16s%2Fg%2F1tfb41ht!19sChIJpYVnvRcvdTERRVC7_Rtsmv0?authuser=0&hl=en&rclk=1
bánh mì,"Quận 1, TP. Hồ Chí Minh","bánh mì ở Quận 1, TP. Hồ Chí Minh",Bánh mì Bùi Thị Xuân,https://www.google.com/maps/place/B%C3%A1nh+m%C3%AC+B%C3%B9i+Th%E1%BB%8B+Xu%C3%A2n/data=!4m7!3m6!1s0x31752f3d33002c3d:0x46e53eca5c0dce3e!8m2!3d10.7698754!4d106.6882354!16s%2Fg%2F1hc37vb1w!19sChIJPSwAMz0vdTERPs4NXMo-5UY?authuser=0&hl=en&rclk=1
bún riêu,"Quận 1, TP. Hồ Chí Minh","bún riêu ở Quận 1, TP. Hồ Chí Minh",Bún riêu Gánh,https://www.google.com/maps/place/B%C3%BAn+ri%C3%AAu+G%C3%A1nh/data=!4m7!3m6!1s0x31752fac61d8bad3:0xaa53e43d839fb493!8m2!3d10.773939!4d106.6989509!16s%2Fg%2F11sg_lfv19!19sChIJ07rYYawvdTERk7Sfgz3kU6o?authuser=0&hl=en&rclk=1
bún riêu,"Quận 1, TP. Hồ Chí Minh","bún riêu ở Quận 1, TP. Hồ Chí Minh",Bún Riêu Nguyễn Cảnh Chân,https://www.google.com/maps/place/B%C3%BAn+Ri%C3%AAu+Nguy%E1%BB%85n+C%E1%BA%A3nh+Ch%C3%A2n/data=!4m7!3m6!1s0x31752f100fc6cdf7:0x396ccb00daa4f58d!8m2!3d10.7579442!4d106.6887616!16s%2Fg%2F11b8_p0p_6!19sChIJ983GDxAvdTERjfWk2gDLbDk?authuser=0&hl=en&rclk=1
bún riêu,"Quận 1, TP. Hồ Chí Minh","bún riêu ở Quận 1, TP. Hồ Chí Minh",Bún Riêu Cô Hương Béo,https://www.google.com/maps/place/B%C3%BAn+Ri%C3%AAu+C%C3%B4+H%C6%B0%C6%A1ng+B%C3%A9o/data=!4m7!3m6!1s0x31752f04ec85638b:0xda0e1dd33cb0de5f!8m2!3d10.7849192!4d106.7001297!16s%2Fg%2F11q31j5tx1!19sChIJi2OF7AQvdTERX96wPNMdDto?authuser=0&hl=en&rclk=1
bún riêu,"Quận 1, TP. Hồ Chí Minh","bún riêu ở Quận 1, TP. Hồ Chí Minh",Quán Bún Riêu Cua,https://www.google.com/maps/place/Qu%C3%A1n+B%C3%BAn+Ri%C3%AAu+Cua/data=!4m7!3m6!1s0x31752f16d8182029:0xc2446ec253c079d6!8m2!3d10.763322!4d106.690972!16s%2Fg%2F1hf0yvz3d!19sChIJKSAY2BYvdTER1nnAU8JuRMI?authuser=0&hl=en&rclk=1
bún riêu,"Quận 1, TP. Hồ Chí Minh","bún riêu ở Quận 1, TP. Hồ Chí Minh",Bún Riêu cua ốc Phan Rang,https://www.google.com/maps/place/B%C3%BAn+Ri%C3%AAu+cua+%E1%BB%91c+Phan+Rang/data=!4m7!3m6!1s0x31752f253b3b8303:0x4528b0cd94977851!8m2!3d10.7689839!4d106.6991841!16s%2Fg%2F11s7ystdhl!19sChIJA4M7OyUvdTERUXiXlM2wKEU?authuser=0&hl=en&rclk=1
bún riêu,"Quận 1, TP. Hồ Chí Minh","bún riêu ở Quận 1, TP. Hồ Chí Minh",Bún Riêu Cua Ốc Bánh Canh,https://www.google.com/maps/place/B%C3%BAn+Ri%C3%AAu+Cua+%E1%BB%90c+B%C3%A1nh+Canh/data=!4m7!3m6!1s0x31752f8153240a5d:0xa3b82cf2044baf90!8m2!3d10.7652678!4d106.6878883!16s%2Fg%2F11jtz1f0zl!19sChIJXQokU4EvdTERkK9LBPIsuKM?authuser=0&hl=en&rclk=1
bún riêu,"Quận 1, TP. Hồ Chí Minh","bún riêu ở Quận 1, TP. Hồ Chí Minh",Bún Riêu Tóp Mỡ Cổ Truyền Hà Nội,https://www.google.com/maps/place/B%C3%BAn+Ri%C3%AAu+T%C3%B3p+M%E1%BB%A1+C%E1%BB%95+Truy%E1%BB%81n+H%C3%A0+N%E1%BB%99i/data=!4m7!3m6!1s0x31752f13609c5caf:0xb83a16c4f42f1a5a!8m2!3d10.769665!4d106.6999832!16s%2Fg%2F11l2m5280b!19sChIJr1ycYBMvdTERWhov9MQWOrg?authuser=0&hl=en&rclk=1
bún riêu,"Quận 1, TP. Hồ Chí Minh","bún riêu ở Quận 1, TP. Hồ Chí Minh",RIÊU QUÁN 199,https://www.google.com/maps/place/RI%C3%8AU+QU%C3%81N+199/data=!4m7!3m6!1s0x31752901a76d03bf:0xc5e28d8e49d6d6a0!8m2!3d10.7953121!4d106.6902704!16s%2Fg%2F11rpdbnjzm!19sChIJvwNtpwEpdTERoNbWSY6N4sU?authuser=0&hl=en&rclk=1
bún riêu,"Quận 1, TP. Hồ Chí Minh","bún riêu ở Quận 1, TP. Hồ Chí Minh",Bún riêu Cô Ba Xì Gòn,https://www.google.com/maps/place/B%C3%BAn+ri%C3%AAu+C%C3%B4+Ba+X%C3%AC+G%C3%B2n/data=!4m7!3m6!1s0x31752fd5ce7e4c39:0x37431ffb966446c3!8m2!3d10.7702769!4d106.6923021!16s%2Fg%2F11h5vtn9m_!19sChIJOUx-ztUvdTERw0ZklvsfQzc?authuser=0&hl=en&rclk=1
bún bò,"Quận 1, TP. Hồ Chí Minh","bún bò ở Quận 1, TP. Hồ Chí Minh",Bun Bo Hue,https://www.google.com/maps/place/Bun+Bo+Hue/data=!4m7!3m6!1s0x31752fcf008d5f09:0xffc76ac00ce9e273!8m2!3d10.768023!4d106.693866!16s%2Fg%2F11t5_6c5bx!19sChIJCV-NAM8vdTERc-LpDMBqx_8?authuser=0&hl=en&rclk=1
bún bò,"Quận 1, TP. Hồ Chí Minh","bún bò ở Quận 1, TP. Hồ Chí Minh",BÚN BÒ HUẾ ĐÔNG BA - Since 1998,https://www.google.com/maps/place/B%C3%9AN+B%C3%92+HU%E1%BA%BE+%C4%90%C3%94NG+BA+-+Since+1998/data=!4m7!3m6!1s0x31752f396ac2b769:0x1f375c4927648a54!8m2!3d10.7870716!4d106.6964204!16s%2Fg%2F1tfgg9jl!19sChIJabfCajkvdTERVIpkJ0lcNx8?authuser=0&hl=en&rclk=1
bún bò,"Quận 1, TP. Hồ Chí Minh","bún bò ở Quận 1, TP. Hồ Chí Minh",Bún Bò Huế 31,https://www.google.com/maps/place/B%C3%BAn+B%C3%B2+Hu%E1%BA%BF+31/data=!4m7!3m6!1s0x31752f4c4562fd21:0x465dce03a5ab3848!8m2!3d10.7849122!4d106.6991674!16s%2Fg%2F11s868r6ws!19sChIJIf1iRUwvdTERSDirpQPOXUY?authuser=0&hl=en&rclk=1
bún bò,"Quận 1, TP. Hồ Chí Minh","bún bò ở Quận 1, TP. Hồ Chí Minh",Quán Bún Bò Huế Bùi Thị Xuân,https://www.google.com/maps/place/Qu%C3%A1n+B%C3%BAn+B%C3%B2+Hu%E1%BA%BF+B%C3%B9i+Th%E1%BB%8B+Xu%C3%A2n/data=!4m7!3m6!1s0x31752f1812bad14f:0x6843983098929bf!8m2!3d10.7675996!4d106.6865502!16s%2Fg%2F11xh3fmt0!19sChIJT9G6EhgvdTERvymJCYM5hAY?authuser=0&hl=en&rclk=1
bún bò,"Quận 1, TP. Hồ Chí Minh","bún bò ở Quận 1, TP. Hồ Chí Minh",Bún Bò Huế 18 Cao Bá Nhạ,https://www.google.com/maps/place/B%C3%BAn+B%C3%B2+Hu%E1%BA%BF+18+Cao+B%C3%A1+Nh%E1%BA%A1/data=!4m7!3m6!1s0x31752f1730217ff1:0x4b20f2685e24ce76!8m2!3d10.7630844!4d106.690207!16s%2Fg%2F11bwbx3khp!19sChIJ8X8hMBcvdTERds4kXmjyIEs?authuser=0&hl=en&rclk=1
bún bò,"Quận 1, TP. Hồ Chí Minh","bún bò ở Quận 1, TP. Hồ Chí Minh",Bún Bò Xưa,https://www.google.com/maps/place/B%C3%BAn+B%C3%B2+X%C6%B0a/data=!4m7!3m6!1s0x31752fc9f7e79625:0x4010dba013ad69f9!8m2!3d10.7707692!4d106.6896219!16s%2Fg%2F11fkch2wnc!19sChIJJZbn98kvdTER-WmtE6DbEEA?authuser=0&hl=en&rclk=1
bún bò,"Quận 1, TP. Hồ Chí Minh","bún bò ở Quận 1, TP. Hồ Chí Minh",BÚN BÒ 1994 - Chi nhánh Nguyễn Thị Minh Khai,https://www.google.com/maps/place/B%C3%9AN+B%C3%92+1994+-+Chi+nh%C3%A1nh+Nguy%E1%BB%85n+Th%E1%BB%8B+Minh+Khai/data=!4m7!3m6!1s0x31752fea20ac30e5:0x2d5fbcebd42eabd7!8m2!3d10.7851224!4d106.7004623!16s%2Fg%2F11s85nz293!19sChIJ5TCsIOovdTER16su1Ou8Xy0?authuser=0&hl=en&rclk=1
bún bò,"Quận 1, TP. Hồ Chí Minh","bún bò ở Quận 1, TP. Hồ Chí Minh",BUN BO HUE-PHO BO 219 DE THAM,https://www.google.com/maps/place/BUN+BO+HUE-PHO+BO+219+DE+THAM/data=!4m7!3m6!1s0x31752fba8b299d93:0x44f5520601d96e86!8m2!3d10.7678569!4d106.6936122!16s%2Fg%2F11t5k8knjq!19sChIJk50pi7ovdTERhm7ZAQZS9UQ?authuser=0&hl=en&rclk=1
bún bò,"Quận 1, TP. Hồ Chí Minh","bún bò ở Quận 1, TP. Hồ Chí Minh",Bún bò Huế Hương - Bún Bò Ngon Quận 1,https://www.google.com/maps/place/B%C3%BAn+b%C3%B2+Hu%E1%BA%BF+H%C6%B0%C6%A1ng+-+B%C3%BAn+B%C3%B2+Ngon+Qu%E1%BA%ADn+1/data=!4m7!3m6!1s0x31752987ae53791b:0x487419a2c3e9c48e!8m2!3d10.7934988!4d106.6886747!16s%2Fg%2F11h4_9z63n!19sChIJG3lTrocpdTERjsTpw6IZdEg?authuser=0&hl=en&rclk=1
bún chả,"Quận 1, TP. Hồ Chí Minh","bún chả ở Quận 1, TP. Hồ Chí Minh",Bún Chả Hà Nội 26,https://www.google.com/maps/place/B%C3%BAn+Ch%E1%BA%A3+H%C3%A0+N%E1%BB%99i+26/data=!4m7!3m6!1s0x31752f48b7b1e67b:0x645bf7c2cac96a8d!8m2!3d10.7793014!4d106.7050998!16s%2Fg%2F11bwkdqlcp!19sChIJe-axt0gvdTERjWrJysL3W2Q?authuser=0&hl=en&rclk=1
bún chả,"Quận 1, TP. Hồ Chí Minh","bún chả ở Quận 1, TP. Hồ Chí Minh",Quán Ngon - Bún Chả Hà Nội,https://www.google.com/maps/place/Qu%C3%A1n+Ngon+-+B%C3%BAn+Ch%E1%BA%A3+H%C3%A0+N%E1%BB%99i/data=!4m7!3m6!1s0x31752f1f75a5d6c9:0x31330ea41b7be069!8m2!3d10.7677147!4d106.6936689!16s%2Fg%2F11s8yfx7t0!19sChIJydaldR8vdTERaeB7G6QOMzE?authuser=0&hl=en&rclk=1
bún chả,"Quận 1, TP. Hồ Chí Minh","bún chả ở Quận 1, TP. Hồ Chí Minh",Bún Chả Hồ Gươm | Bún Chả Ngon Quận 1,https://www.google.com/maps/place/B%C3%BAn+Ch%E1%BA%A3+H%E1%BB%93+G%C6%B0%C6%A1m+%7C+B%C3%BAn+Ch%E1%BA%A3+Ngon+Qu%E1%BA%ADn+1/data=!4m7!3m6!1s0x31752f8ae82d5a63:0x3ff28dff312305ad!8m2!3d10.7726034!4d106.7036807!16s%2Fg%2F11fqp81m2j!19sChIJY1ot6IovdTERrQUjMf-N8j8?authuser=0&hl=en&rclk=1
bún chả,"Quận 1, TP. Hồ Chí Minh","bún chả ở Quận 1, TP. Hồ Chí Minh",Bún Chả 145,https://www.google.com/maps/place/B%C3%BAn+Ch%E1%BA%A3+145/data=!4m7!3m6!1s0x31752f16486f0589:0x58a4d7e0b57ca2fe!8m2!3d10.7663698!4d106.6918038!16s%2Fg%2F11bw3_0qwc!19sChIJiQVvSBYvdTER_qJ8teDXpFg?authuser=0&hl=en&rclk=1
bún chả,"Quận 1, TP. Hồ Chí Minh","bún chả ở Quận 1, TP. Hồ Chí Minh",Quan Nem Restaurant,https://www.google.com/maps/place/Quan+Nem+Restaurant/data=!4m7!3m6!1s0x31752f4a666d0a53:0x36da501ce28acb6f!8m2!3d10.7857535!4d106.7009648!16s%2Fg%2F11b7v8yx3y!19sChIJUwptZkovdTERb8uK4hxQ2jY?authuser=0&hl=en&rclk=1
bún chả,"Quận 1, TP. Hồ Chí Minh","bún chả ở Quận 1, TP. Hồ Chí Minh",Bún Chả - Nem Cua Bể,https://www.google.com/maps/place/B%C3%BAn+Ch%E1%BA%A3+-+Nem+Cua+B%E1%BB%83/data=!4m7!3m6!1s0x31752fdce85dd5a7:0x286cac861fe1fd88!8m2!3d10.7637861!4d106.6875074!16s%2Fg%2F11h8907_dv!19sChIJp9Vd6NwvdTERiP3hH4asbCg?authuser=0&hl=en&rclk=1
bún chả,"Quận 1, TP. Hồ Chí Minh","bún chả ở Quận 1, TP. Hồ Chí Minh",Bún Chả Xuân Tứ,https://www.google.com/maps/place/B%C3%BAn+Ch%E1%BA%A3+Xu%C3%A2n+T%E1%BB%A9/data=!4m7!3m6!1s0x31752f283df8f72d:0xc3be9a3bdeb6f661!8m2!3d10.758646!4d106.6882808!16s%2Fg%2F11rz2smkp4!19sChIJLff4PSgvdTERYfa23juavsM?authuser=0&hl=en&rclk=1
bún chả,"Quận 1, TP. Hồ Chí Minh","bún chả ở Quận 1, TP. Hồ Chí Minh",Bún chả Hà Nội Xuân Tứ,https://www.google.com/maps/place/B%C3%BAn+ch%E1%BA%A3+H%C3%A0+N%E1%BB%99i+Xu%C3%A2n+T%E1%BB%A9/data=!4m7!3m6!1s0x317529304316c421:0xff7f6d5f67bb94fe!8m2!3d10.7995423!4d106.6619422!16s%2Fg%2F11c1phrgfp!19sChIJIcQWQzApdTER_pS7Z19tf_8?authuser=0&hl=en&rclk=1
bún chả,"Quận 1, TP. Hồ Chí Minh","bún chả ở Quận 1, TP. Hồ Chí Minh",Bún chả Hà Nội - Bún chả Hồ Gươm,https://www.google.com/maps/place/B%C3%BAn+ch%E1%BA%A3+H%C3%A0+N%E1%BB%99i+-+B%C3%BAn+ch%E1%BA%A3+H%E1%BB%93+G%C6%B0%C6%A1m/data=!4m7!3m6!1s0x31752f3af9da18f7:0x46e37b0cd5ef7a58!8m2!3d10.776393!4d106.6909697!16s%2Fg%2F1hc15lwt1!19sChIJ9xja-TovdTERWHrv1Qx740Y?authuser=0&hl=en&rclk=1
bún đậu mắm tôm,"Quận 1, TP. Hồ Chí Minh","bún đậu mắm tôm ở Quận 1, TP. Hồ Chí Minh",Bún Đậu 46,https://www.google.com/maps/place/B%C3%BAn+%C4%90%E1%BA%ADu+46/data=!4m7!3m6!1s0x31752f7bf9de0aa5:0xb609941e90a0b73c!8m2!3d10.7620405!4d106.689524!16s%2Fg%2F11t3bc_h9q!19sChIJpQre-XsvdTERPLegkB6UCbY?authuser=0&hl=en&rclk=1
bún đậu mắm tôm,"Quận 1, TP. Hồ Chí Minh","bún đậu mắm tôm ở Quận 1, TP. Hồ Chí Minh",Mắm Tôm Bún Đậu A Chảnh,https://www.google.com/maps/place/M%E1%BA%AFm+T%C3%B4m+B%C3%BAn+%C4%90%E1%BA%ADu+A+Ch%E1%BA%A3nh/data=!4m7!3m6!1s0x31752f568b2d2e25:0x10ab048383cb9845!8m2!3d10.7662943!4d106.6894059!16s%2Fg%2F11h0yf5rxk!19sChIJJS4ti1YvdTERRZjLg4MEqxA?authuser=0&hl=en&rclk=1
bún đậu mắm tôm,"Quận 1, TP. Hồ Chí Minh","bún đậu mắm tôm ở Quận 1, TP. Hồ Chí Minh",Bun Dau Homemade,https://www.google.com/maps/place/Bun+Dau+Homemade/data=!4m7!3m6!1s0x31752f3dc76f8cc7:0x73058e047b9ee22!8m2!3d10.7697017!4d106.6925151!16s%2Fg%2F11bwn9r2ny!19sChIJx4xvxz0vdTERIu65R-BYMAc?authuser=0&hl=en&rclk=1
bún đậu mắm tôm,"Quận 1, TP. Hồ Chí Minh","bún đậu mắm tôm ở Quận 1, TP. Hồ Chí Minh",Bún Đậu Mắm Tôm Tiến Hải,https://www.google.com/maps/place/B%C3%BAn+%C4%90%E1%BA%ADu+M%E1%BA%AFm+T%C3%B4m+Ti%E1%BA%BFn+H%E1%BA%A3i/data=!4m7!3m6!1s0x31752f2f42173f8d:0x80392c954c2bb9e3!8m2!3d10.762362!4d106.6867084!16s%2Fg%2F11t9x2lhc6!19sChIJjT8XQi8vdTER47krTJUsOYA?authuser=0&hl=en&rclk=1
bún đậu mắm tôm,"Quận 1, TP. Hồ Chí Minh","bún đậu mắm tôm ở Quận 1, TP. Hồ Chí Minh",Bún Đậu A Vừng,https://www.google.com/maps/place/Bu%CC%81n+%C4%90%C3%A2%CC%A3u+A+V%C6%B0%CC%80ng/data=!4m7!3m6!1s0x31752f22bfb01d4d:0x61e87bbec5a8667c!8m2!3d10.7694485!4d106.6868559!16s%2Fg%2F11bzyvk4xz!19sChIJTR2wvyIvdTERfGaoxb576GE?authuser=0&hl=en&rclk=1
bún đậu mắm tôm,"Quận 1, TP. Hồ Chí Minh","bún đậu mắm tôm ở Quận 1, TP. Hồ Chí Minh",Bún Đậu Cô Khàn,https://www.google.com/maps/place/B%C3%BAn+%C4%90%E1%BA%ADu+C%C3%B4+Kh%C3%A0n/data=!4m7!3m6!1s0x31752f170fb2bf57:0xf791994e135eba6e!8m2!3d10.7649024!4d106.6910544!16s%2Fg%2F11bc70_xgz!19sChIJV7-yDxcvdTERbrpeE06Zkfc?authuser=0&hl=en&rclk=1
bún đậu mắm tôm,"Quận 1, TP. Hồ Chí Minh","bún đậu mắm tôm ở Quận 1, TP. Hồ Chí Minh",Bún Đậu Mắm Tôm Quán No,https://www.google.com/maps/place/B%C3%BAn+%C4%90%E1%BA%ADu+M%E1%BA%AFm+T%C3%B4m+Qu%C3%A1n+No/data=!4m7!3m6!1s0x317527d6834570d7:0x622dade55f9e6165!8m2!3d10.7669076!4d106.691513!16s%2Fg%2F11d_www65s!19sChIJ13BFg9YndTERZWGeX-WtLWI?authuser=0&hl=en&rclk=1
bún đậu mắm tôm,"Quận 1, TP. Hồ Chí Minh","bún đậu mắm tôm ở Quận 1, TP. Hồ Chí Minh",Bún Đậu Xoài Quận 1,https://www.google.com/maps/place/B%C3%BAn+%C4%90%E1%BA%ADu+Xo%C3%A0i+Qu%E1%BA%ADn+1/data=!4m7!3m6!1s0x3175292568e02533:0x8df5412ed5697047!8m2!3d10.7923549!4d106.6930417!16s%2Fg%2F11lm7n7pck!19sChIJMyXgaCUpdTERR3Bp1S5B9Y0?authuser=0&hl=en&rclk=1
bún đậu mắm tôm,"Quận 1, TP. Hồ Chí Minh","bún đậu mắm tôm ở Quận 1, TP. Hồ Chí Minh",Bún Đậu Ngõ Nhỏ Phố Nhỏ,https://www.google.com/maps/place/B%C3%BAn+%C4%90%E1%BA%ADu+Ng%C3%B5+Nh%E1%BB%8F+Ph%E1%BB%91+Nh%E1%BB%8F/data=!4m7!3m6!1s0x31752f2c552228a5:0x93a38abcbf6e1230!8m2!3d10.777176!4d106.6998789!16s%2Fg%2F11my7g5bpt!19sChIJpSgiVSwvdTERMBJuv7yKo5M?authuser=0&hl=en&rclk=1
bún mắm,"Quận 1, TP. Hồ Chí Minh","bún mắm ở Quận 1, TP. Hồ Chí Minh",Bún Mắm Nêm Cô Nổ,https://www.google.com/maps/place/B%C3%BAn+M%E1%BA%AFm+N%C3%AAm+C%C3%B4+N%E1%BB%95/data=!4m7!3m6!1s0x31752f4a0f026d7f:0x2a363d143bae1044!8m2!3d10.7663404!4d106.6952068!16s%2Fg%2F11bccgftcv!19sChIJf20CD0ovdTERRBCuOxQ9Nio?authuser=0&hl=en&rclk=1
bún mắm,"Quận 1, TP. Hồ Chí Minh","bún mắm ở Quận 1, TP. Hồ Chí Minh",Bún Mắm Lẩu Mắm Dì Sáu Miền Tây,https://www.google.com/maps/place/B%C3%BAn+M%E1%BA%AFm+L%E1%BA%A9u+M%E1%BA%AFm+D%C3%AC+S%C3%A1u+Mi%E1%BB%81n+T%C3%A2y/data=!4m7!3m6!1s0x31752f617323e675:0x7ff9cbfec23d69e0!8m2!3d10.7702109!4d106.6874754!16s%2Fg%2F11l6922fbk!19sChIJdeYjc2EvdTER4Gk9wv7L-X8?authuser=0&hl=en&rclk=1
bún mắm,"Quận 1, TP. Hồ Chí Minh","bún mắm ở Quận 1, TP. Hồ Chí Minh",Bún Mắm Miền Tây,https://www.google.com/maps/place/B%C3%BAn+M%E1%BA%AFm+Mi%E1%BB%81n+T%C3%A2y/data=!4m7!3m6!1s0x317528ce7e887193:0xd09fef4813d5532!8m2!3d10.7953653!4d106.6909034!16s%2Fg%2F11f123v_5g!19sChIJk3GIfs4odTERMlU9gfT-CQ0?authuser=0&hl=en&rclk=1
bún mắm,"Quận 1, TP. Hồ Chí Minh","bún mắm ở Quận 1, TP. Hồ Chí Minh",BÚN MẮM & LẨU MẮM CHỊ MƯỜI BA,https://www.google.com/maps/place/B%C3%9AN+M%E1%BA%AEM+%26+L%E1%BA%A8U+M%E1%BA%AEM+CH%E1%BB%8A+M%C6%AF%E1%BB%9CI+BA/data=!4m7!3m6!1s0x31752b03c1ee5c5b:0x40c613f62146e064!8m2!3d10.7902656!4d106.6907423!16s%2Fg%2F11v0wt77jt!19sChIJW1zuwQMrdTERZOBGIfYTxkA?authuser=0&hl=en&rclk=1
bún mắm,"Quận 1, TP. Hồ Chí Minh","bún mắm ở Quận 1, TP. Hồ Chí Minh",Mắm Tôm Bún Đậu A Chảnh,https://www.google.com/maps/place/M%E1%BA%AFm+T%C3%B4m+B%C3%BAn+%C4%90%E1%BA%ADu+A+Ch%E1%BA%A3nh/data=!4m7!3m6!1s0x31752f568b2d2e25:0x10ab048383cb9845!8m2!3d10.7662943!4d106.6894059!16s%2Fg%2F11h0yf5rxk!19sChIJJS4ti1YvdTERRZjLg4MEqxA?authuser=0&hl=en&rclk=1
bún mắm,"Quận 1, TP. Hồ Chí Minh","bún mắm ở Quận 1, TP. Hồ Chí Minh",Bun Dau Homemade,https://www.google.com/maps/place/Bun+Dau+Homemade/data=!4m7!3m6!1s0x31752f3dc76f8cc7:0x73058e047b9ee22!8m2!3d10.7697017!4d106.6925151!16s%2Fg%2F11bwn9r2ny!19sChIJx4xvxz0vdTERIu65R-BYMAc?authuser=0&hl=en&rclk=1
bún mắm,"Quận 1, TP. Hồ Chí Minh","bún mắm ở Quận 1, TP. Hồ Chí Minh",Bún Đậu Mắm Tôm Quán No,https://www.google.com/maps/place/B%C3%BAn+%C4%90%E1%BA%ADu+M%E1%BA%AFm+T%C3%B4m+Qu%C3%A1n+No/data=!4m7!3m6!1s0x317527d6834570d7:0x622dade55f9e6165!8m2!3d10.7669076!4d106.691513!16s%2Fg%2F11d_www65s!19sChIJ13BFg9YndTERZWGeX-WtLWI?authuser=0&hl=en&rclk=1
bún mắm,"Quận 1, TP. Hồ Chí Minh","bún mắm ở Quận 1, TP. Hồ Chí Minh",Bún Đậu A Vừng,https://www.google.com/maps/place/Bu%CC%81n+%C4%90%C3%A2%CC%A3u+A+V%C6%B0%CC%80ng/data=!4m7!3m6!1s0x31752f22bfb01d4d:0x61e87bbec5a8667c!8m2!3d10.7694485!4d106.6868559!16s%2Fg%2F11bzyvk4xz!19sChIJTR2wvyIvdTERfGaoxb576GE?authuser=0&hl=en&rclk=1
bún mắm,"Quận 1, TP. Hồ Chí Minh","bún mắm ở Quận 1, TP. Hồ Chí Minh",Bún Mắm cô Bông,https://www.google.com/maps/place/B%C3%BAn+M%E1%BA%AFm+c%C3%B4+B%C3%B4ng/data=!4m7!3m6!1s0x317529405a70ce97:0xb36240b309b743b8!8m2!3d10.7898427!4d106.6902042!16s%2Fg%2F11s7xxlrs9!19sChIJl85wWkApdTERuEO3CbNAYrM?authuser=0&hl=en&rclk=1
bún thịt nướng,"Quận 1, TP. Hồ Chí Minh","bún thịt nướng ở Quận 1, TP. Hồ Chí Minh",Quán Bún Thịt Nướng 88,https://www.google.com/maps/place/Qu%C3%A1n+B%C3%BAn+Th%E1%BB%8Bt+N%C6%B0%E1%BB%9Bng+88/data=!4m7!3m6!1s0x31752f34e86295f3:0xba3f10ee7b7b0e44!8m2!3d10.787947!4d106.6961414!16s%2Fg%2F1hc6pjg5l!19sChIJ85Vi6DQvdTERRA57e-4QP7o?authuser=0&hl=en&rclk=1
bún thịt nướng,"Quận 1, TP. Hồ Chí Minh","bún thịt nướng ở Quận 1, TP. Hồ Chí Minh",Bún Thịt Nướng Chị Tuyền,https://www.google.com/maps/place/B%C3%BAn+Th%E1%BB%8Bt+N%C6%B0%E1%BB%9Bng+Ch%E1%BB%8B+Tuy%E1%BB%81n/data=!4m7!3m6!1s0x31752fdac600abb3:0xa8147acaf1f7400f!8m2!3d10.761804!4d106.693591!16s%2Fg%2F11fj4cj6zv!19sChIJs6sAxtovdTERD0D38cp6FKg?authuser=0&hl=en&rclk=1
bún thịt nướng,"Quận 1, TP. Hồ Chí Minh","bún thịt nướng ở Quận 1, TP. Hồ Chí Minh",Bún thịt nướng Hằng - Chi Nhánh 1,https://www.google.com/maps/place/B%C3%BAn+th%E1%BB%8Bt+n%C6%B0%E1%BB%9Bng+H%E1%BA%B1ng+-+Chi+Nh%C3%A1nh+1/data=!4m7!3m6!1s0x31752f0559ec962b:0x55297ebe2ddce4b2!8m2!3d10.7656675!4d106.6980822!16s%2Fg%2F11r3bpbsz3!19sChIJK5bsWQUvdTERsuTcLb5-KVU?authuser=0&hl=en&rclk=1
bún thịt nướng,"Quận 1, TP. Hồ Chí Minh","bún thịt nướng ở Quận 1, TP. Hồ Chí Minh",Kiều Bảo Barbecue Rice Noodles,https://www.google.com/maps/place/Ki%E1%BB%81u+B%E1%BA%A3o+Barbecue+Rice+Noodles/data=!4m7!3m6!1s0x31752fe06633bbd1:0x8d4682d4a1a18ba6!8m2!3d10.7652819!4d106.694635!16s%2Fg%2F11t53wjsrd!19sChIJ0bszZuAvdTERpouhodSCRo0?authuser=0&hl=en&rclk=1
bún thịt nướng,"Quận 1, TP. Hồ Chí Minh","bún thịt nướng ở Quận 1, TP. Hồ Chí Minh",Bún thịt nướng - Nguyễn Trung Trực,https://www.google.com/maps/place/B%C3%BAn+th%E1%BB%8Bt+n%C6%B0%E1%BB%9Bng+-+Nguy%E1%BB%85n+Trung+Tr%E1%BB%B1c/data=!4m7!3m6!1s0x31752f38a8a0e4b7:0x2671b8e7981aaa89!8m2!3d10.7733988!4d106.69962!16s%2Fg%2F11bw8l_7df!19sChIJt-SgqDgvdTERiaoamOe4cSY?authuser=0&hl=en&rclk=1
bún thịt nướng,"Quận 1, TP. Hồ Chí Minh","bún thịt nướng ở Quận 1, TP. Hồ Chí Minh",Bún thịt nướng bà Thêm,https://www.google.com/maps/place/B%C3%BAn+th%E1%BB%8Bt+n%C6%B0%E1%BB%9Bng+b%C3%A0+Th%C3%AAm/data=!4m7!3m6!1s0x31752f0034042405:0x8ca322fe7bbd86bf!8m2!3d10.7752189!4d106.7028082!16s%2Fg%2F11ltw_wwr1!19sChIJBSQENAAvdTERv4a9e_4io4w?authuser=0&hl=en&rclk=1
bún thịt nướng,"Quận 1, TP. Hồ Chí Minh","bún thịt nướng ở Quận 1, TP. Hồ Chí Minh",Bún Thịt Nướng - Chợ Thái Bình,https://www.google.com/maps/place/B%C3%BAn+Th%E1%BB%8Bt+N%C6%B0%E1%BB%9Bng+-+Ch%E1%BB%A3+Th%C3%A1i+B%C3%ACnh/data=!4m7!3m6!1s0x31752f1792ebf8c1:0xf0c032be4a90eb37!8m2!3d10.7665037!4d106.6889344!16s%2Fg%2F11g9dffx4t!19sChIJwfjrkhcvdTERN-uQSr4ywPA?authuser=0&hl=en&rclk=1
bún thịt nướng,"Quận 1, TP. Hồ Chí Minh","bún thịt nướng ở Quận 1, TP. Hồ Chí Minh",Bún thịt nướng - bánh cuốn - bánh Huế siu ngon,https://www.google.com/maps/place/B%C3%BAn+th%E1%BB%8Bt+n%C6%B0%E1%BB%9Bng+-+b%C3%A1nh+cu%E1%BB%91n+-+b%C3%A1nh+Hu%E1%BA%BF+siu+ngon/data=!4m7!3m6!1s0x31752f8525893509:0x652a21949a62f865!8m2!3d10.7864754!4d106.7002578!16s%2Fg%2F11sd3v3c_0!19sChIJCTWJJYUvdTERZfhimpQhKmU?authuser=0&hl=en&rclk=1
bún thịt nướng,"Quận 1, TP. Hồ Chí Minh","bún thịt nướng ở Quận 1, TP. Hồ Chí Minh",Bún thịt nướng Cô Nga Nguyễn Cảnh Chân,https://www.google.com/maps/place/B%C3%BAn+th%E1%BB%8Bt+n%C6%B0%E1%BB%9Bng+C%C3%B4+Nga+Nguy%E1%BB%85n+C%E1%BA%A3nh+Ch%C3%A2n/data=!4m7!3m6!1s0x31752f100e380f71:0x30c56f2157ddf036!8m2!3d10.7585613!4d106.6887105!16s%2Fg%2F11dxmnrgd3!19sChIJcQ84DhAvdTERNvDdVyFvxTA?authuser=0&hl=en&rclk=1
quán bia,"Quận 1, TP. Hồ Chí Minh","quán bia ở Quận 1, TP. Hồ Chí Minh",Hoa Viên Craft Brewery,https://www.google.com/maps/place/Hoa+Vi%C3%AAn+Craft+Brewery/data=!4m7!3m6!1s0x31752f359962975d:0xfd9dcc90224aceae!8m2!3d10.7858744!4d106.6992178!16s%2Fg%2F1tdfkr_h!19sChIJXZdimTUvdTERrs5KIpDMnf0?authuser=0&hl=en&rclk=1
quán bia,"Quận 1, TP. Hồ Chí Minh","quán bia ở Quận 1, TP. Hồ Chí Minh",Xẻng - Mồi & Bia,https://www.google.com/maps/place/X%E1%BA%BBng+-+M%E1%BB%93i+%26+Bia/data=!4m7!3m6!1s0x317529de99d60b1b:0xb92548dd3d3f8242!8m2!3d10.7904926!4d106.7012738!16s%2Fg%2F11flbs6gy0!19sChIJGwvWmd4pdTERQoI_Pd1IJbk?authuser=0&hl=en&rclk=1
quán bia,"Quận 1, TP. Hồ Chí Minh","quán bia ở Quận 1, TP. Hồ Chí Minh",Craft Beer - East West Brewing Co. - Sai Gon,https://www.google.com/maps/place/Craft+Beer+-+East+West+Brewing+Co.+-+Sai+Gon/data=!4m7!3m6!1s0x31752f3ecd5f5459:0x7bdf52d38ba9f4d0!8m2!3d10.7730563!4d106.6961223!16s%2Fg%2F11cs699p2w!19sChIJWVRfzT4vdTER0PSpi9NS33s?authuser=0&hl=en&rclk=1
quán bia,"Quận 1, TP. Hồ Chí Minh","quán bia ở Quận 1, TP. Hồ Chí Minh",Trạm beer craft,https://www.google.com/maps/place/Tr%E1%BA%A1m+beer+craft/data=!4m7!3m6!1s0x31752910a8c1ea83:0x6fc74b84c0e50106!8m2!3d10.7657183!4d106.6833069!16s%2Fg%2F11r8cx1tvq!19sChIJg-rBqBApdTERBgHlwIRLx28?authuser=0&hl=en&rclk=1
quán bia,"Quận 1, TP. Hồ Chí Minh","quán bia ở Quận 1, TP. Hồ Chí Minh",Pasteur Street Craft Beer - Ly Tu Trong Taproom & Restaurant,https://www.google.com/maps/place/Pasteur+Street+Craft+Beer+-+Ly+Tu+Trong+Taproom+%26+Restaurant/data=!4m7!3m6!1s0x31752fed0fbf6857:0x2b598438405ffdc2!8m2!3d10.774121!4d106.6971645!16s%2Fg%2F11stjs7c0k!19sChIJV2i_D-0vdTERwv1fQDiEWSs?authuser=0&hl=en&rclk=1
quán bia,"Quận 1, TP. Hồ Chí Minh","quán bia ở Quận 1, TP. Hồ Chí Minh",Quán Bia Khô Mực,https://www.google.com/maps/place/Qu%C3%A1n+Bia+Kh%C3%B4+M%E1%BB%B1c/data=!4m7!3m6!1s0x31752f181d18e077:0x8af8141ef988be1!8m2!3d10.7697014!4d106.6966492!16s%2Fg%2F11v1b7j4qv!19sChIJd-AYHRgvdTER4YuY70GBrwg?authuser=0&hl=en&rclk=1
quán bia,"Quận 1, TP. Hồ Chí Minh","quán bia ở Quận 1, TP. Hồ Chí Minh",Vựa Bia Rụ - Wine & Craft Beer Fusion,https://www.google.com/maps/place/V%E1%BB%B1a+Bia+R%E1%BB%A5+-+Wine+%26+Craft+Beer+Fusion/data=!4m7!3m6!1s0x317529034847fde5:0xf41c039dd60449e8!8m2!3d10.7848775!4d106.7003937!16s%2Fg%2F11hdy_rckv!19sChIJ5f1HSAMpdTER6EkE1p0DHPQ?authuser=0&hl=en&rclk=1
quán bia,"Quận 1, TP. Hồ Chí Minh","quán bia ở Quận 1, TP. Hồ Chí Minh",Pasteur Street Brewing Co.,https://www.google.com/maps/place/Pasteur+Street+Brewing+Co./data=!4m7!3m6!1s0x31752f4771dfc237:0x5a069069884618f1!8m2!3d10.7751756!4d106.7010337!16s%2Fg%2F11b7lr7m0m!19sChIJN8LfcUcvdTER8RhGiGmQBlo?authuser=0&hl=en&rclk=1
quán bia,"Quận 1, TP. Hồ Chí Minh","quán bia ở Quận 1, TP. Hồ Chí Minh",Ở đây có bán Khô & Bia,https://www.google.com/maps/place/%E1%BB%9E+%C4%91%C3%A2y+c%C3%B3+b%C3%A1n+Kh%C3%B4+%26+Bia/data=!4m7!3m6!1s0x31752f002839a7f3:0xf97759716bbeabbf!8m2!3d10.7704843!4d106.705949!16s%2Fg%2F11vpw9d2xk!19sChIJ86c5KAAvdTERv6u-a3FZd_k?authuser=0&hl=en&rclk=1
buffet,"Quận 1, TP. Hồ Chí Minh","buffet ở Quận 1, TP. Hồ Chí Minh",Food Connexion Buffet,https://www.google.com/maps/place/Food+Connexion+Buffet/data=!4m7!3m6!1s0x31752f16deff956d:0xe7de8211ae38d448!8m2!3d10.7643127!4d106.6916773!16s%2Fg%2F11btm9xv2t!19sChIJbZX_3hYvdTERSNQ4rhGC3uc?authuser=0&hl=en&rclk=1
buffet,"Quận 1, TP. Hồ Chí Minh","buffet ở Quận 1, TP. Hồ Chí Minh",Buffet Cửu Vân Long Premium - Bitexco Sài Gòn,https://www.google.com/maps/place/Buffet+C%E1%BB%ADu+V%C3%A2n+Long+Premium+-+Bitexco+S%C3%A0i+G%C3%B2n/data=!4m7!3m6!1s0x31752fc2f9fa8fc1:0x38e943a123281549!8m2!3d10.771367!4d106.7044625!16s%2Fg%2F11l5v85kd3!19sChIJwY_6-cIvdTERSRUoI6FD6Tg?authuser=0&hl=en&rclk=1
buffet,"Quận 1, TP. Hồ Chí Minh","buffet ở Quận 1, TP. Hồ Chí Minh",Hana Buffet Phạm Viết Chánh,https://www.google.com/maps/place/Hana+Buffet+Ph%E1%BA%A1m+Vi%E1%BA%BFt+Ch%C3%A1nh/data=!4m7!3m6!1s0x317528b299918fe5:0x7a6a58ffb52232dc!8m2!3d10.7673776!4d106.6849621!16s%2Fg%2F11bxdv1b61!19sChIJ5Y-RmbIodTER3DIitf9Yano?authuser=0&hl=en&rclk=1
buffet,"Quận 1, TP. Hồ Chí Minh","buffet ở Quận 1, TP. Hồ Chí Minh",Hana BBQ Mạc Đĩnh Chi,https://www.google.com/maps/place/Hana+BBQ+M%E1%BA%A1c+%C4%90%C4%A9nh+Chi/data=!4m7!3m6!1s0x31752f35a4180787:0xec38a845225903ef!8m2!3d10.7860422!4d106.6978978!16s%2Fg%2F1pty_t0t4!19sChIJhwcYpDUvdTER7wNZIkWoOOw?authuser=0&hl=en&rclk=1
buffet,"Quận 1, TP. Hồ Chí Minh","buffet ở Quận 1, TP. Hồ Chí Minh",SPICY BOX SAIGON CENTRE,https://www.google.com/maps/place/SPICY+BOX+SAIGON+CENTRE/data=!4m7!3m6!1s0x31752fbbc2b89f53:0x66c1e6be9c114b36!8m2!3d10.7731883!4d106.7009194!16s%2Fg%2F11r_wqdlk_!19sChIJU5-4wrsvdTERNksRnL7mwWY?authuser=0&hl=en&rclk=1
buffet,"Quận 1, TP. Hồ Chí Minh","buffet ở Quận 1, TP. Hồ Chí Minh",Gió Nội Restaurant Level 9,https://www.google.com/maps/place/Gi%C3%B3+N%E1%BB%99i+Restaurant+Level+9/data=!4m7!3m6!1s0x31752f3d8ea7601f:0x837610f26e652d87!8m2!3d10.7680899!4d106.6923005!16s%2Fg%2F11yccjlvb!19sChIJH2Cnjj0vdTERhy1lbvIQdoM?authuser=0&hl=en&rclk=1
buffet,"Quận 1, TP. Hồ Chí Minh","buffet ở Quận 1, TP. Hồ Chí Minh",Hàng Dương Quán Q1,https://www.google.com/maps/place/H%C3%A0ng+D%C6%B0%C6%A1ng+Qu%C3%A1n+Q1/data=!4m7!3m6!1s0x3168532aa82ab9f1:0x5f471336cc2918b1!8m2!3d10.773527!4d106.7053407!16s%2Fg%2F1pzpkw6tp!19sChIJ8bkqqCpTaDERsRgpzDYTR18?authuser=0&hl=en&rclk=1
buffet,"Quận 1, TP. Hồ Chí Minh","buffet ở Quận 1, TP. Hồ Chí Minh",Saigon Café - International Seafood Buffet Restaurant,https://www.google.com/maps/place/Saigon+Caf%C3%A9+-+International+Seafood+Buffet+Restaurant/data=!4m7!3m6!1s0x31752f465f01d4a1:0x5dcde8075e9ee2ad!8m2!3d10.7756591!4d106.7038079!16s%2Fg%2F11b88t0q4c!19sChIJodQBX0YvdTERreKeXgfozV0?authuser=0&hl=en&rclk=1
buffet,"Quận 1, TP. Hồ Chí Minh","buffet ở Quận 1, TP. Hồ Chí Minh",Buffet Liberty Central Saigon Riverside,https://www.google.com/maps/place/Buffet+Liberty+Central+Saigon+Riverside/data=!4m7!3m6!1s0x31752f4bd332e827:0x7996b660bca8acff!8m2!3d10.7740493!4d106.70628!16s%2Fg%2F11rvgsv5v3!19sChIJJ-gy00svdTER_6yovGC2lnk?authuser=0&hl=en&rclk=1
quán ăn,"Quận 1, TP. Hồ Chí Minh","quán ăn ở Quận 1, TP. Hồ Chí Minh",Ẩm Thực Chay Tuệ - Trần Hưng Đạo,https://www.google.com/maps/place/%E1%BA%A8m+Th%E1%BB%B1c+Chay+Tu%E1%BB%87+-+Tr%E1%BA%A7n+H%C6%B0ng+%C4%90%E1%BA%A1o/data=!4m7!3m6!1s0x31752f1d9ffd715d:0x677402ed6d5f410e!8m2!3d10.7637791!4d106.6913661!16s%2Fg%2F11stzy_4ff!19sChIJXXH9nx0vdTERDkFfbe0CdGc?authuser=0&hl=en&rclk=1
quán ăn,"Quận 1, TP. Hồ Chí Minh","quán ăn ở Quận 1, TP. Hồ Chí Minh",Sedona Suites Ho Chi Minh City,https://www.google.com/maps/place/Sedona+Suites+Ho+Chi+Minh+City/data=!4m10!3m9!1s0x31752f475d171c75:0xfb9bc673736aeafd!5m2!4m1!1i2!8m2!3d10.772939!4d106.7004885!16s%2Fg%2F1th54h7f!19sChIJdRwXXUcvdTER_epqc3PGm_s?authuser=0&hl=en&rclk=1
quán ăn,"Quận 1, TP. Hồ Chí Minh","quán ăn ở Quận 1, TP. Hồ Chí Minh",Hàng Dương Quán Q1,https://www.google.com/maps/place/H%C3%A0ng+D%C6%B0%C6%A1ng+Qu%C3%A1n+Q1/data=!4m7!3m6!1s0x3168532aa82ab9f1:0x5f471336cc2918b1!8m2!3d10.773527!4d106.7053407!16s%2Fg%2F1pzpkw6tp!19sChIJ8bkqqCpTaDERsRgpzDYTR18?authuser=0&hl=en&rclk=1
quán ăn,"Quận 1, TP. Hồ Chí Minh","quán ăn ở Quận 1, TP. Hồ Chí Minh",Ngon Restaurant,https://www.google.com/maps/place/Ngon+Restaurant/data=!4m7!3m6!1s0x31752f48d88c3da3:0xbd0b6eeb085c542c!8m2!3d10.7774178!4d106.6996655!16s%2Fg%2F1tyzwh69!19sChIJoz2M2EgvdTERLFRcCOtuC70?authuser=0&hl=en&rclk=1
quán ăn,"Quận 1, TP. Hồ Chí Minh","quán ăn ở Quận 1, TP. Hồ Chí Minh",Quán Ngon 138,https://www.google.com/maps/place/Qu%C3%A1n+Ngon+138/data=!4m7!3m6!1s0x31752f3830aad8c9:0x32f1cdda07359c6!8m2!3d10.7775742!4d106.6975438!16s%2Fg%2F11df814bt6!19sChIJydiqMDgvdTERxllzoN0cLwM?authuser=0&hl=en&rclk=1
quán ăn,"Quận 1, TP. Hồ Chí Minh","quán ăn ở Quận 1, TP. Hồ Chí Minh",Quan Bui - Original,https://www.google.com/maps/place/Quan+Bui+-+Original/data=!4m7!3m6!1s0x317528d29d23383f:0x985e8a9c4cf4b047!8m2!3d10.7813148!4d106.7058729!16s%2Fg%2F11xcs9x4w!19sChIJPzgjndIodTERR7D0TJyKXpg?authuser=0&hl=en&rclk=1
quán ăn,"Quận 1, TP. Hồ Chí Minh","quán ăn ở Quận 1, TP. Hồ Chí Minh",Cơm Quê Dượng Bầu - Vietnamese Homecooked Cuisine,https://www.google.com/maps/place/C%C6%A1m+Qu%C3%AA+D%C6%B0%E1%BB%A3ng+B%E1%BA%A7u+-+Vietnamese+Homecooked+Cuisine/data=!4m7!3m6!1s0x31752fb8746e1207:0xd16a3c2b8dfd8045!8m2!3d10.7734296!4d106.7051744!16s%2Fg%2F11sdyk5kzp!19sChIJBxJudLgvdTERRYD9jSs8atE?authuser=0&hl=en&rclk=1
quán ăn,"Quận 1, TP. Hồ Chí Minh","quán ăn ở Quận 1, TP. Hồ Chí Minh",San Fu Lou,https://www.google.com/maps/place/San+Fu+Lou/data=!4m7!3m6!1s0x31752f3e7e1be0ad:0x1267a480eafe82a3!8m2!3d10.7703769!4d106.6943197!16s%2Fg%2F11cn8s2hxp!19sChIJreAbfj4vdTERo4L-6oCkZxI?authuser=0&hl=en&rclk=1
quán ăn,"Quận 1, TP. Hồ Chí Minh","quán ăn ở Quận 1, TP. Hồ Chí Minh",K-JEJU CHICKEN -CN QUẬN 1 -제주치킨,https://www.google.com/maps/place/K-JEJU+CHICKEN+-CN+QU%E1%BA%ACN+1+-%EC%A0%9C%EC%A3%BC%EC%B9%98%ED%82%A8/data=!4m7!3m6!1s0x31752f240508f1c5:0xe44399c2c977d278!8m2!3d10.7731732!4d106.7026251!16s%2Fg%2F11vx1ycth7!19sChIJxfEIBSQvdTEReNJ3ycKZQ-Q?authuser=0&hl=en&rclk=1
quán nhậu,"Quận 1, TP. Hồ Chí Minh","quán nhậu ở Quận 1, TP. Hồ Chí Minh",Quán nhậu Ok Bà Dzà,https://www.google.com/maps/place/Qu%C3%A1n+nh%E1%BA%ADu+Ok+B%C3%A0+Dz%C3%A0/data=!4m7!3m6!1s0x31752f44bcda3085:0x628533145cf496ad!8m2!3d10.7644139!4d106.6909877!16s%2Fg%2F11k3hy_brd!19sChIJhTDavEQvdTERrZb0XBQzhWI?authuser=0&hl=en&rclk=1
quán nhậu,"Quận 1, TP. Hồ Chí Minh","quán nhậu ở Quận 1, TP. Hồ Chí Minh",Quán Nhớ Tuyết,https://www.google.com/maps/place/Qu%C3%A1n+Nh%E1%BB%9B+Tuy%E1%BA%BFt/data=!4m7!3m6!1s0x31752f6abc94e579:0xe2ea77efc2f7051!8m2!3d10.766637!4d106.700902!16s%2Fg%2F11fzf2mzqr!19sChIJeeWUvGovdTERUXAv_H6nLg4?authuser=0&hl=en&rclk=1
quán nhậu,"Quận 1, TP. Hồ Chí Minh","quán nhậu ở Quận 1, TP. Hồ Chí Minh",Quán Tú - nhậu bình dân,https://www.google.com/maps/place/Qu%C3%A1n+T%C3%BA+-+nh%E1%BA%ADu+b%C3%ACnh+d%C3%A2n/data=!4m7!3m6!1s0x31752fd79098fab5:0x84cc15ea52566b62!8m2!3d10.7693251!4d106.6872068!16s%2Fg%2F11j1tkn0d1!19sChIJtfqYkNcvdTERYmtWUuoVzIQ?authuser=0&hl=en&rclk=1
quán nhậu,"Quận 1, TP. Hồ Chí Minh","quán nhậu ở Quận 1, TP. Hồ Chí Minh",Xẻng - Mồi & Bia,https://www.google.com/maps/place/X%E1%BA%BBng+-+M%E1%BB%93i+%26+Bia/data=!4m7!3m6!1s0x317529de99d60b1b:0xb92548dd3d3f8242!8m2!3d10.7904926!4d106.7012738!16s%2Fg%2F11flbs6gy0!19sChIJGwvWmd4pdTERQoI_Pd1IJbk?authuser=0&hl=en&rclk=1
quán nhậu,"Quận 1, TP. Hồ Chí Minh","quán nhậu ở Quận 1, TP. Hồ Chí Minh",Quán nhậu Xóm,https://www.google.com/maps/place/Qu%C3%A1n+nh%E1%BA%ADu+X%C3%B3m/data=!4m7!3m6!1s0x31752f5461d4a93f:0xa9dc2b601001d623!8m2!3d10.769942!4d106.7030438!16s%2Fg%2F11vcs883gx!19sChIJP6nUYVQvdTERI9YBEGAr3Kk?authuser=0&hl=en&rclk=1
quán nhậu,"Quận 1, TP. Hồ Chí Minh","quán nhậu ở Quận 1, TP. Hồ Chí Minh",Hàng Dương Quán Q1,https://www.google.com/maps/place/H%C3%A0ng+D%C6%B0%C6%A1ng+Qu%C3%A1n+Q1/data=!4m7!3m6!1s0x3168532aa82ab9f1:0x5f471336cc2918b1!8m2!3d10.773527!4d106.7053407!16s%2Fg%2F1pzpkw6tp!19sChIJ8bkqqCpTaDERsRgpzDYTR18?authuser=0&hl=en&rclk=1
quán nhậu,"Quận 1, TP. Hồ Chí Minh","quán nhậu ở Quận 1, TP. Hồ Chí Minh",Dinh Quan Restaurant,https://www.google.com/maps/place/Dinh+Quan+Restaurant/data=!4m7!3m6!1s0x31752f000080dba3:0x57d73ab2210656df!8m2!3d10.7637256!4d106.6902485!16s%2Fg%2F11y2qbr3_k!19sChIJo9uAAAAvdTER31YGIbI611c?authuser=0&hl=en&rclk=1
quán nhậu,"Quận 1, TP. Hồ Chí Minh","quán nhậu ở Quận 1, TP. Hồ Chí Minh",Quán Nhà,https://www.google.com/maps/place/Qu%C3%A1n+Nh%C3%A0/data=!4m7!3m6!1s0x31752f6aa160cc93:0x36c3148c87629cef!8m2!3d10.7667977!4d106.7010565!16s%2Fg%2F11gb3wb4h4!19sChIJk8xgoWovdTER75xih4wUwzY?authuser=0&hl=en&rclk=1
quán nhậu,"Quận 1, TP. Hồ Chí Minh","quán nhậu ở Quận 1, TP. Hồ Chí Minh",Quán ăn Bác Hiền,https://www.google.com/maps/place/Qu%C3%A1n+%C4%83n+B%C3%A1c+Hi%E1%BB%81n/data=!4m7!3m6!1s0x31752f4880ea7e39:0xee9e3b6bd2340f57!8m2!3d10.7783238!4d106.7029146!16s%2Fg%2F11b7yx7pdv!19sChIJOX7qgEgvdTERVw800ms7nu4?authuser=0&hl=en&rclk=1
quán nướng,"Quận 1, TP. Hồ Chí Minh","quán nướng ở Quận 1, TP. Hồ Chí Minh",Pachi Pachi Nướng Lẩu Nhật Bản,https://www.google.com/maps/place/Pachi+Pachi+N%C6%B0%E1%BB%9Bng+L%E1%BA%A9u+Nh%E1%BA%ADt+B%E1%BA%A3n/data=!4m7!3m6!1s0x31752f3502498303:0x225542350a8df14d!8m2!3d10.787369!4d106.696926!16s%2Fg%2F11c52svc2j!19sChIJA4NJAjUvdTERTfGNCjVCVSI?authuser=0&hl=en&rclk=1
quán nướng,"Quận 1, TP. Hồ Chí Minh","quán nướng ở Quận 1, TP. Hồ Chí Minh",Matchandeul BBQ,https://www.google.com/maps/place/Matchandeul+BBQ/data=!4m7!3m6!1s0x31752f6bdd9ec807:0xe2446b4265511760!8m2!3d10.7689445!4d106.6896309!16s%2Fg%2F11hz9bf5jn!19sChIJB8ie3WsvdTERYBdRZUJrROI?authuser=0&hl=en&rclk=1
quán nướng,"Quận 1, TP. Hồ Chí Minh","quán nướng ở Quận 1, TP. Hồ Chí Minh",Palsaik Hàn Quốc BBQ (Đông Du),https://www.google.com/maps/place/Palsaik+H%C3%A0n+Qu%E1%BB%91c+BBQ+%28%C4%90%C3%B4ng+Du%29/data=!4m7!3m6!1s0x31752f80229c59bd:0x3d41d4dd7c49da2!8m2!3d10.775929!4d106.7044045!16s%2Fg%2F11jt3g9jcy!19sChIJvVmcIoAvdTERop3E100d1AM?authuser=0&hl=en&rclk=1
quán nướng,"Quận 1, TP. Hồ Chí Minh","quán nướng ở Quận 1, TP. Hồ Chí Minh",Mộc Riêu Nướng Võ Văn Kiệt,https://www.google.com/maps/place/M%E1%BB%99c+Ri%C3%AAu+N%C6%B0%E1%BB%9Bng+V%C3%B5+V%C4%83n+Ki%E1%BB%87t/data=!4m7!3m6!1s0x31752f1388b34ef7:0x1fbb2b541fdf2da8!8m2!3d10.7619271!4d106.6960578!16s%2Fg%2F11clzv4nwq!19sChIJ906ziBMvdTERqC3fH1Qrux8?authuser=0&hl=en&rclk=1
quán nướng,"Quận 1, TP. Hồ Chí Minh","quán nướng ở Quận 1, TP. Hồ Chí Minh",Barbecue Garden,https://www.google.com/maps/place/Barbecue+Garden/data=!4m7!3m6!1s0x31752f38376f37ed:0x6d8dddfe2045571e!8m2!3d10.7743097!4d106.6990678!16s%2Fg%2F1tfthq0n!19sChIJ7TdvNzgvdTERHldFIP7djW0?authuser=0&hl=en&rclk=1
quán nướng,"Quận 1, TP. Hồ Chí Minh","quán nướng ở Quận 1, TP. Hồ Chí Minh",Hana BBQ Mạc Đĩnh Chi,https://www.google.com/maps/place/Hana+BBQ+M%E1%BA%A1c+%C4%90%C4%A9nh+Chi/data=!4m7!3m6!1s0x31752f35a4180787:0xec38a845225903ef!8m2!3d10.7860422!4d106.6978978!16s%2Fg%2F1pty_t0t4!19sChIJhwcYpDUvdTER7wNZIkWoOOw?authuser=0&hl=en&rclk=1
quán nướng,"Quận 1, TP. Hồ Chí Minh","quán nướng ở Quận 1, TP. Hồ Chí Minh",Bơ Bán Bò Lý Tự Trọng,https://www.google.com/maps/place/B%C6%A1+B%C3%A1n+B%C3%B2+L%C3%BD+T%E1%BB%B1+Tr%E1%BB%8Dng/data=!4m7!3m6!1s0x31752fc631a025a9:0x6fe977178d2bec78!8m2!3d10.7798036!4d106.7028883!16s%2Fg%2F11scvcs15g!19sChIJqSWgMcYvdTEReOwrjRd36W8?authuser=0&hl=en&rclk=1
quán nướng,"Quận 1, TP. Hồ Chí Minh","quán nướng ở Quận 1, TP. Hồ Chí Minh",Kokugyu Japanese BBQ,https://www.google.com/maps/place/Kokugyu+Japanese+BBQ/data=!4m7!3m6!1s0x31752f6c19f1d923:0x95283bba283ac65b!8m2!3d10.7733574!4d106.7023212!16s%2Fg%2F11kh2hprm8!19sChIJI9nxGWwvdTERW8Y6KLo7KJU?authuser=0&hl=en&rclk=1
quán nướng,"Quận 1, TP. Hồ Chí Minh","quán nướng ở Quận 1, TP. Hồ Chí Minh",Quán Nướng Giấy Bạc,https://www.google.com/maps/place/Qu%C3%A1n+N%C6%B0%E1%BB%9Bng+Gi%E1%BA%A5y+B%E1%BA%A1c/data=!4m7!3m6!1s0x31752f6e0184808b:0x8cbb4ed7fcdd2383!8m2!3d10.7715201!4d106.6908845!16s%2Fg%2F11sdwjh3ld!19sChIJi4CEAW4vdTERgyPd_NdOu4w?authuser=0&hl=en&rclk=1
quán lẩu,"Quận 1, TP. Hồ Chí Minh","quán lẩu ở Quận 1, TP. Hồ Chí Minh","Quán Lẩu Lala - Lẩu Thái, Lẩu Hải Sản, Lẩu Cá - CN2","https://www.google.com/maps/place/Qu%C3%A1n+L%E1%BA%A9u+Lala+-+L%E1%BA%A9u+Th%C3%A1i,+L%E1%BA%A9u+H%E1%BA%A3i+S%E1%BA%A3n,+L%E1%BA%A9u+C%C3%A1+-+CN2/data=!4m7!3m6!1s0x31752f3c12b9832f:0xb493f63192b1f07a!8m2!3d10.7925426!4d106.6970822!16s%2Fg%2F11kj986b9k!19sChIJL4O5EjwvdTERevCxkjH2k7Q?authuser=0&hl=en&rclk=1"
quán lẩu,"Quận 1, TP. Hồ Chí Minh","quán lẩu ở Quận 1, TP. Hồ Chí Minh",LẨU NGON 79,https://www.google.com/maps/place/L%E1%BA%A8U+NGON+79/data=!4m7!3m6!1s0x31752f22db2c6905:0xfcefd787db421dc9!8m2!3d10.764651!4d106.688032!16s%2Fg%2F11ssy68d1r!19sChIJBWks2yIvdTERyR1C24fX7_w?authuser=0&hl=en&rclk=1
quán lẩu,"Quận 1, TP. Hồ Chí Minh","quán lẩu ở Quận 1, TP. Hồ Chí Minh",Tí Chuột beef hotpot - 1,https://www.google.com/maps/place/Ti%CC%81+Chu%C3%B4%CC%A3t+beef+hotpot+-+1/data=!4m7!3m6!1s0x31752f17253e2431:0xe3e292d074013eba!8m2!3d10.7635071!4d106.6903989!16s%2Fg%2F11bxfrbmdz!19sChIJMSQ-JRcvdTERuj4BdNCS4uM?authuser=0&hl=en&rclk=1
quán lẩu,"Quận 1, TP. Hồ Chí Minh","quán lẩu ở Quận 1, TP. Hồ Chí Minh",Lẩu bò Hồng Tiêu,https://www.google.com/maps/place/L%E1%BA%A9u+b%C3%B2+H%E1%BB%93ng+Ti%C3%AAu/data=!4m7!3m6!1s0x31752f7509ba02b7:0xbaf6f3722d55d52f!8m2!3d10.7644925!4d106.6878638!16s%2Fg%2F11v3d9f0yx!19sChIJtwK6CXUvdTERL9VVLXLz9ro?authuser=0&hl=en&rclk=1
quán lẩu,"Quận 1, TP. Hồ Chí Minh","quán lẩu ở Quận 1, TP. Hồ Chí Minh",Vạn Quán - Lẩu Gà Lá É CN3 Q.1,https://www.google.com/maps/place/V%E1%BA%A1n+Qu%C3%A1n+-+L%E1%BA%A9u+G%C3%A0+L%C3%A1+%C3%89+CN3+Q.1/data=!4m7!3m6!1s0x31752fd43cadcfe3:0xec96a74115e5c6b5!8m2!3d10.764119!4d106.696286!16s%2Fg%2F11t35q_mn4!19sChIJ48-tPNQvdTERtcblFUGnluw?authuser=0&hl=en&rclk=1
quán lẩu,"Quận 1, TP. Hồ Chí Minh","quán lẩu ở Quận 1, TP. Hồ Chí Minh",Nhà hàng lẩu cua,https://www.google.com/maps/place/Nh%C3%A0+h%C3%A0ng+l%E1%BA%A9u+cua/data=!4m7!3m6!1s0x31752ffc427e3407:0xb9065e0aa8405143!8m2!3d10.7709716!4d106.6897539!16s%2Fg%2F11t422jkf9!19sChIJBzR-QvwvdTERQ1FAqApeBrk?authuser=0&hl=en&rclk=1
quán lẩu,"Quận 1, TP. Hồ Chí Minh","quán lẩu ở Quận 1, TP. Hồ Chí Minh",Lẩu bò Quang Khải Võ Văn Kiệt,https://www.google.com/maps/place/L%E1%BA%A9u+b%C3%B2+Quang+Kh%E1%BA%A3i+V%C3%B5+V%C4%83n+Ki%E1%BB%87t/data=!4m7!3m6!1s0x31752f112d673e0b:0xc2436233f350fdb!8m2!3d10.760907!4d106.6952512!16s%2Fg%2F1xgz88tt!19sChIJCz5nLREvdTER2w81PyM2JAw?authuser=0&hl=en&rclk=1
quán lẩu,"Quận 1, TP. Hồ Chí Minh","quán lẩu ở Quận 1, TP. Hồ Chí Minh",LẨU DÊ 214 - Since 1992,https://www.google.com/maps/place/L%C3%82%CC%89U+D%C3%8A+214+-+Since+1992/data=!4m7!3m6!1s0x31752f400f4b591b:0x7ffa3dfd07daa3e0!8m2!3d10.7680937!4d106.7005062!16s%2Fg%2F1pzwsj18j!19sChIJG1lLD0AvdTER4KPaB_09-n8?authuser=0&hl=en&rclk=1
quán lẩu,"Quận 1, TP. Hồ Chí Minh","quán lẩu ở Quận 1, TP. Hồ Chí Minh",Xiên Khè,https://www.google.com/maps/place/Xi%C3%AAn+Kh%C3%A8/data=!4m7!3m6!1s0x317528cc2b706e33:0xea400afb11bbc3c2!8m2!3d10.795377!4d106.690703!16s%2Fg%2F1pztd4j62!19sChIJM25wK8wodTERwsO7EfsKQOo?authuser=0&hl=en&rclk=1
quán cơm,"Quận 1, TP. Hồ Chí Minh","quán cơm ở Quận 1, TP. Hồ Chí Minh",Chicago Cơm Ngon Hà Nội,https://www.google.com/maps/place/Chicago+C%C6%A1m+Ngon+H%C3%A0+N%E1%BB%99i/data=!4m7!3m6!1s0x31752fbf65b9dbdf:0xf5c54f0dab916f71!8m2!3d10.7731298!4d106.6940461!16s%2Fg%2F11vlsym9q9!19sChIJ39u5Zb8vdTERcW-Rqw1PxfU?authuser=0&hl=en&rclk=1
quán cơm,"Quận 1, TP. Hồ Chí Minh","quán cơm ở Quận 1, TP. Hồ Chí Minh",Cơm Niêu Thiên Lý - Nguyễn Đình Chiểu,https://www.google.com/maps/place/C%C6%A1m+Ni%C3%AAu+Thi%C3%AAn+L%C3%BD+-+Nguy%E1%BB%85n+%C4%90%C3%ACnh+Chi%E1%BB%83u/data=!4m7!3m6!1s0x317528b514f542e1:0xac46240c8c4e3cca!8m2!3d10.7908821!4d106.7016296!16s%2Fg%2F11byxgj2hv!19sChIJ4UL1FLUodTERyjxOjAwkRqw?authuser=0&hl=en&rclk=1
quán cơm,"Quận 1, TP. Hồ Chí Minh","quán cơm ở Quận 1, TP. Hồ Chí Minh",Cơm Quê Dượng Bầu - Vietnamese Homecooked Cuisine,https://www.google.com/maps/place/C%C6%A1m+Qu%C3%AA+D%C6%B0%E1%BB%A3ng+B%E1%BA%A7u+-+Vietnamese+Homecooked+Cuisine/data=!4m7!3m6!1s0x31752fb8746e1207:0xd16a3c2b8dfd8045!8m2!3d10.7734296!4d106.7051744!16s%2Fg%2F11sdyk5kzp!19sChIJBxJudLgvdTERRYD9jSs8atE?authuser=0&hl=en&rclk=1
quán cơm,"Quận 1, TP. Hồ Chí Minh","quán cơm ở Quận 1, TP. Hồ Chí Minh",Cơm Tấm Mộc,https://www.google.com/maps/place/C%C6%A1m+T%E1%BA%A5m+M%E1%BB%99c/data=!4m7!3m6!1s0x31752f478a7ceb17:0xdcb87db311325ae8!8m2!3d10.7744862!4d106.697965!16s%2Fg%2F1trvhy0s!19sChIJF-t8ikcvdTER6FoyEbN9uNw?authuser=0&hl=en&rclk=1
quán cơm,"Quận 1, TP. Hồ Chí Minh","quán cơm ở Quận 1, TP. Hồ Chí Minh",Tiệm cơm thố Chuyên Ký,https://www.google.com/maps/place/Ti%E1%BB%87m+c%C6%A1m+th%E1%BB%91+Chuy%C3%AAn+K%C3%BD/data=!4m7!3m6!1s0x31752f4121bf8773:0x276d3c6e0f0bd37d!8m2!3d10.771385!4d106.703038!16s%2Fg%2F1pp2vmv3h!19sChIJc4e_IUEvdTERfdMLD248bSc?authuser=0&hl=en&rclk=1
quán cơm,"Quận 1, TP. Hồ Chí Minh","quán cơm ở Quận 1, TP. Hồ Chí Minh",Cơm tấm Nguyễn Văn Cừ,https://www.google.com/maps/place/C%C6%A1m+t%E1%BA%A5m+Nguy%E1%BB%85n+V%C4%83n+C%E1%BB%AB/data=!4m7!3m6!1s0x31752f7eeb84ec71:0x9cc843228843fb3b!8m2!3d10.756867!4d106.685172!16s%2Fg%2F1hc6gn3h8!19sChIJceyE634vdTERO_tDiCJDyJw?authuser=0&hl=en&rclk=1
quán cơm,"Quận 1, TP. Hồ Chí Minh","quán cơm ở Quận 1, TP. Hồ Chí Minh",Nhà hàng Cơm Xưa,https://www.google.com/maps/place/Nh%C3%A0+h%C3%A0ng+C%C6%A1m+X%C6%B0a/data=!4m7!3m6!1s0x31752f35931d9771:0xd738f10c6b92c85e!8m2!3d10.7843889!4d106.6973661!16s%2Fg%2F11cs31_948!19sChIJcZcdkzUvdTERXsiSawzxONc?authuser=0&hl=en&rclk=1
quán cơm,"Quận 1, TP. Hồ Chí Minh","quán cơm ở Quận 1, TP. Hồ Chí Minh",Cơm Thố Xá Lị - Tôn Thất Đạm,https://www.google.com/maps/place/C%C6%A1m+Th%E1%BB%91+X%C3%A1+L%E1%BB%8B+-+T%C3%B4n+Th%E1%BA%A5t+%C4%90%E1%BA%A1m/data=!4m7!3m6!1s0x31752ffb68f7bdc5:0xd2200ec09684d3c8!8m2!3d10.771595!4d106.7033843!16s%2Fg%2F11g4d4qf06!19sChIJxb33aPsvdTERyNOElsAOINI?authuser=0&hl=en&rclk=1
quán cơm,"Quận 1, TP. Hồ Chí Minh","quán cơm ở Quận 1, TP. Hồ Chí Minh",Cơm tấm Dì Út,https://www.google.com/maps/place/C%C6%A1m+t%E1%BA%A5m+D%C3%AC+%C3%9At/data=!4m7!3m6!1s0x31752f74b75f363d:0xe703a1c7463f268e!8m2!3d10.7605045!4d106.6904542!16s%2Fg%2F11jsf0827m!19sChIJPTZft3QvdTERjiY_RsehA-c?authuser=0&hl=en&rclk=1
quán chay,"Quận 1, TP. Hồ Chí Minh","quán chay ở Quận 1, TP. Hồ Chí Minh",Nhà hàng chay Phương Mai,https://www.google.com/maps/place/Nh%C3%A0+h%C3%A0ng+chay+Ph%C6%B0%C6%A1ng+Mai/data=!4m7!3m6!1s0x31752f33313de573:0x58300b11d17e58bc!8m2!3d10.7890997!4d106.6921659!16s%2Fg%2F11ddzt26nf!19sChIJc-U9MTMvdTERvFh-0RELMFg?authuser=0&hl=en&rclk=1
quán chay,"Quận 1, TP. Hồ Chí Minh","quán chay ở Quận 1, TP. Hồ Chí Minh",Nhà Hàng Chay (Vegetarian Restaurant) Hoa Khai,https://www.google.com/maps/place/Nh%C3%A0+H%C3%A0ng+Chay+%28Vegetarian+Restaurant%29+Hoa+Khai/data=!4m7!3m6!1s0x31752f174527e5c3:0xe5c91f862ef45786!8m2!3d10.7638593!4d106.6895323!16s%2Fg%2F11cls6npzj!19sChIJw-UnRRcvdTERhlf0LoYfyeU?authuser=0&hl=en&rclk=1
quán chay,"Quận 1, TP. Hồ Chí Minh","quán chay ở Quận 1, TP. Hồ Chí Minh",Ẩm Thực Chay Tuệ - Trần Hưng Đạo,https://www.google.com/maps/place/%E1%BA%A8m+Th%E1%BB%B1c+Chay+Tu%E1%BB%87+-+Tr%E1%BA%A7n+H%C6%B0ng+%C4%90%E1%BA%A1o/data=!4m7!3m6!1s0x31752f1d9ffd715d:0x677402ed6d5f410e!8m2!3d10.7637791!4d106.6913661!16s%2Fg%2F11stzy_4ff!19sChIJXXH9nx0vdTERDkFfbe0CdGc?authuser=0&hl=en&rclk=1
quán chay,"Quận 1, TP. Hồ Chí Minh","quán chay ở Quận 1, TP. Hồ Chí Minh",Quán Chay Nhà,https://www.google.com/maps/place/Qu%C3%A1n+Chay+Nh%C3%A0/data=!4m7!3m6!1s0x31752f340692928b:0x61eacdc50902ff1a!8m2!3d10.784771!4d106.7003131!16s%2Fg%2F11s5p3rl3t!19sChIJi5KSBjQvdTERGv8CCcXN6mE?authuser=0&hl=en&rclk=1
quán chay,"Quận 1, TP. Hồ Chí Minh","quán chay ở Quận 1, TP. Hồ Chí Minh","Lẩu Nấm Chay An Nhiên (Chi nhánh Nguyễn Văn Thủ, Đakao Q1 và Chi nhánh Phạm Ngũ Lão p3 Gò Vấp)","https://www.google.com/maps/place/L%E1%BA%A9u+N%E1%BA%A5m+Chay+An+Nhi%C3%AAn+%28Chi+nh%C3%A1nh+Nguy%E1%BB%85n+V%C4%83n+Th%E1%BB%A7,+%C4%90akao+Q1+v%C3%A0+Chi+nh%C3%A1nh+Ph%E1%BA%A1m+Ng%C5%A9+L%C3%A3o+p3+G%C3%B2+V%E1%BA%A5p%29/data=!4m7!3m6!1s0x31752f35315c872d:0xe4f0007396cdc597!8m2!3d10.7883672!4d106.6974502!16s%2Fg%2F11f55kzxq9!19sChIJLYdcMTUvdTERl8XNlnMA8OQ?authuser=0&hl=en&rclk=1"
quán chay,"Quận 1, TP. Hồ Chí Minh","quán chay ở Quận 1, TP. Hồ Chí Minh",SEN Vegan Restaurant,https://www.google.com/maps/place/SEN+Vegan+Restaurant/data=!4m7!3m6!1s0x31752f14fd9f023d:0x25da8d13776a3921!8m2!3d10.768228!4d106.6948686!16s%2Fg%2F1tdl3myc!19sChIJPQKf_RQvdTERITlqdxON2iU?authuser=0&hl=en&rclk=1
quán chay,"Quận 1, TP. Hồ Chí Minh","quán chay ở Quận 1, TP. Hồ Chí Minh",Nhà hàng buffet chay Mãn Tự,https://www.google.com/maps/place/Nh%C3%A0+h%C3%A0ng+buffet+chay+M%C3%A3n+T%E1%BB%B1/data=!4m7!3m6!1s0x31752f158ee9f2bb:0xfb74e57e5ecfacfb!8m2!3d10.7677218!4d106.6842632!16s%2Fg%2F11h92ntdby!19sChIJu_LpjhUvdTER-6zPXn7ldPs?authuser=0&hl=en&rclk=1
quán chay,"Quận 1, TP. Hồ Chí Minh","quán chay ở Quận 1, TP. Hồ Chí Minh",Quán Chay Chị Củ,https://www.google.com/maps/place/Qu%C3%A1n+Chay+Ch%E1%BB%8B+C%E1%BB%A7/data=!4m7!3m6!1s0x31752f11a180650d:0xa762b453c1999987!8m2!3d10.7591428!4d106.6921625!16s%2Fg%2F11c2p_ww0x!19sChIJDWWAoREvdTERh5mZwVO0Yqc?authuser=0&hl=en&rclk=1
quán chay,"Quận 1, TP. Hồ Chí Minh","quán chay ở Quận 1, TP. Hồ Chí Minh",Ẩm Thực Chay Tuệ - Mai Thị Lựu,https://www.google.com/maps/place/%E1%BA%A8m+Th%E1%BB%B1c+Chay+Tu%E1%BB%87+-+Mai+Th%E1%BB%8B+L%E1%BB%B1u/data=!4m7!3m6!1s0x31752964f496b5bd:0xe27ec36454a221a!8m2!3d10.791975!4d106.6983939!16s%2Fg%2F11t4yh0y3p!19sChIJvbWW9GQpdTERGiJKRTbsJw4?authuser=0&hl=en&rclk=1
quán ăn vặt,"Quận 1, TP. Hồ Chí Minh","quán ăn vặt ở Quận 1, TP. Hồ Chí Minh",Hẻm Ăn Vặt 76,https://www.google.com/maps/place/H%E1%BA%BBm+%C4%82n+V%E1%BA%B7t+76/data=!4m7!3m6!1s0x31752f4889e28027:0xe26f3ab80d0b0d9f!8m2!3d10.7789265!4d106.702719!16s%2Fg%2F11bccmjq4_!19sChIJJ4DiiUgvdTERnw0LDbg6b-I?authuser=0&hl=en&rclk=1
quán ăn vặt,"Quận 1, TP. Hồ Chí Minh","quán ăn vặt ở Quận 1, TP. Hồ Chí Minh",Fruit Crush - Trái Cây Tươi & Ăn Vặt - Quận 1,https://www.google.com/maps/place/Fruit+Crush+-+Tr%C3%A1i+C%C3%A2y+T%C6%B0%C6%A1i+%26+%C4%82n+V%E1%BA%B7t+-+Qu%E1%BA%ADn+1/data=!4m7!3m6!1s0x3175292a4cecd5d9:0xc6a7b57cbe73d5fb!8m2!3d10.78378!4d106.6993884!16s%2Fg%2F11h5swyjs8!19sChIJ2dXsTCopdTER-9Vzvny1p8Y?authuser=0&hl=en&rclk=1
quán ăn vặt,"Quận 1, TP. Hồ Chí Minh","quán ăn vặt ở Quận 1, TP. Hồ Chí Minh",Ăn Vặt - Sinh Tố MOR,https://www.google.com/maps/place/%C4%82n+V%E1%BA%B7t+-+Sinh+T%E1%BB%91+MOR/data=!4m7!3m6!1s0x31752fb7eafa1aaf:0x74e2ade04b341d4c!8m2!3d10.7659507!4d106.6932615!16s%2Fg%2F11fvwhmnmv!19sChIJrxr66rcvdTERTB00S-Ct4nQ?authuser=0&hl=en&rclk=1
quán ăn vặt,"Quận 1, TP. Hồ Chí Minh","quán ăn vặt ở Quận 1, TP. Hồ Chí Minh",Ăn vặt Rí Rí,https://www.google.com/maps/place/%C4%82n+v%E1%BA%B7t+R%C3%AD+R%C3%AD/data=!4m7!3m6!1s0x317529b33e944b83:0xc6f8f868209b7017!8m2!3d10.7869234!4d106.6995183!16s%2Fg%2F11vdcr86zz!19sChIJg0uUPrMpdTERF3CbIGj4-MY?authuser=0&hl=en&rclk=1
quán ăn vặt,"Quận 1, TP. Hồ Chí Minh","quán ăn vặt ở Quận 1, TP. Hồ Chí Minh",Vị Phố - Ăn Vặt Chuẩn Hà Nội,https://www.google.com/maps/place/V%E1%BB%8B+Ph%E1%BB%91+-+%C4%82n+V%E1%BA%B7t+Chu%E1%BA%A9n+H%C3%A0+N%E1%BB%99i/data=!4m7!3m6!1s0x31752f0390a5aba1:0x726bfe575ea3ca75!8m2!3d10.7782314!4d106.7010998!16s%2Fg%2F11swl8f6j_!19sChIJoaulkAMvdTERdcqjXlf-a3I?authuser=0&hl=en&rclk=1
quán ăn vặt,"Quận 1, TP. Hồ Chí Minh","quán ăn vặt ở Quận 1, TP. Hồ Chí Minh",Xù Food - Đồ Ăn Hàn Việt,https://www.google.com/maps/place/X%C3%B9+Food+-+%C4%90%E1%BB%93+%C4%82n+H%C3%A0n+Vi%E1%BB%87t/data=!4m7!3m6!1s0x31752f5480316e3f:0xe7c21414f9f13cb9!8m2!3d10.7663763!4d106.6951707!16s%2Fg%2F11my43wqrk!19sChIJP24xgFQvdTERuTzx-RQUwuc?authuser=0&hl=en&rclk=1
quán ăn vặt,"Quận 1, TP. Hồ Chí Minh","quán ăn vặt ở Quận 1, TP. Hồ Chí Minh",Bún Đậu Cô Khàn,https://www.google.com/maps/place/B%C3%BAn+%C4%90%E1%BA%ADu+C%C3%B4+Kh%C3%A0n/data=!4m7!3m6!1s0x31752f170fb2bf57:0xf791994e135eba6e!8m2!3d10.7649024!4d106.6910544!16s%2Fg%2F11bc70_xgz!19sChIJV7-yDxcvdTERbrpeE06Zkfc?authuser=0&hl=en&rclk=1
quán ăn vặt,"Quận 1, TP. Hồ Chí Minh","quán ăn vặt ở Quận 1, TP. Hồ Chí Minh",Quán Ăn Hùng Xíu,https://www.google.com/maps/place/Qu%C3%A1n+%C4%82n+H%C3%B9ng+X%C3%ADu/data=!4m7!3m6!1s0x31752f3db7c695dd:0x859da8f6ec4832ac!8m2!3d10.7699359!4d106.6922623!16s%2Fg%2F1hc6996t3!19sChIJ3ZXGtz0vdTERrDJI7PaonYU?authuser=0&hl=en&rclk=1
quán ăn vặt,"Quận 1, TP. Hồ Chí Minh","quán ăn vặt ở Quận 1, TP. Hồ Chí Minh",Khu ăn vặt Cao Thắng - Bàn Cờ,https://www.google.com/maps/place/Khu+%C4%83n+v%E1%BA%B7t+Cao+Th%E1%BA%AFng+-+B%C3%A0n+C%E1%BB%9D/data=!4m7!3m6!1s0x31752f218f2fac93:0xdf127ae3377d6a7a!8m2!3d10.7696784!4d106.6812748!16s%2Fg%2F11btrrld8f!19sChIJk6wvjyEvdTERemp9N-N6Et8?authuser=0&hl=en&rclk=1
quán trà sữa,"Quận 1, TP. Hồ Chí Minh","quán trà sữa ở Quận 1, TP. Hồ Chí Minh",Trà sữa May Cha,https://www.google.com/maps/place/Tr%C3%A0+s%E1%BB%AFa+May+Cha/data=!4m7!3m6!1s0x31752fd0f8045a81:0x1dfc0a3441a9d4b9!8m2!3d10.7753458!4d106.7029181!16s%2Fg%2F11p9nyljwn!19sChIJgVoE-NAvdTERudSpQTQK_B0?authuser=0&hl=en&rclk=1
quán trà sữa,"Quận 1, TP. Hồ Chí Minh","quán trà sữa ở Quận 1, TP. Hồ Chí Minh",YUHA - TRÀ SỮA ĐẬM VỊ,https://www.google.com/maps/place/YUHA+-+TR%C3%80+S%E1%BB%AEA+%C4%90%E1%BA%ACM+V%E1%BB%8A/data=!4m7!3m6!1s0x31752f2bc018d9b7:0x62c43f3379914505!8m2!3d10.7669255!4d106.6996878!16s%2Fg%2F11st_svqkc!19sChIJt9kYwCsvdTERBUWReTM_xGI?authuser=0&hl=en&rclk=1
quán trà sữa,"Quận 1, TP. Hồ Chí Minh","quán trà sữa ở Quận 1, TP. Hồ Chí Minh",TRA TIEN HUONG GOTCHA CONG QUYNH,https://www.google.com/maps/place/TRA+TIEN+HUONG+GOTCHA+CONG+QUYNH/data=!4m7!3m6!1s0x31752f17f536f859:0x5c4e50f977961c3e!8m2!3d10.767717!4d106.6865401!16s%2Fg%2F11bbwr2fj7!19sChIJWfg29RcvdTERPhyWd_lQTlw?authuser=0&hl=en&rclk=1
quán trà sữa,"Quận 1, TP. Hồ Chí Minh","quán trà sữa ở Quận 1, TP. Hồ Chí Minh",Gong Cha,https://www.google.com/maps/place/Gong+Cha/data=!4m7!3m6!1s0x31752f413041dddf:0xdd8406d2491a9289!8m2!3d10.773183!4d106.703446!16s%2Fg%2F11gdqc579x!19sChIJ391BMEEvdTERiZIaSdIGhN0?authuser=0&hl=en&rclk=1
quán trà sữa,"Quận 1, TP. Hồ Chí Minh","quán trà sữa ở Quận 1, TP. Hồ Chí Minh",Trà sữa Thái Ngam I Lỉ,https://www.google.com/maps/place/Tr%C3%A0+s%E1%BB%AFa+Th%C3%A1i+Ngam+I+L%E1%BB%89/data=!4m7!3m6!1s0x31752f4d07390af1:0xce532acca27bd2f4!8m2!3d10.785051!4d106.701161!16s%2Fg%2F11t75hjgrq!19sChIJ8Qo5B00vdTER9NJ7oswqU84?authuser=0&hl=en&rclk=1
quán trà sữa,"Quận 1, TP. Hồ Chí Minh","quán trà sữa ở Quận 1, TP. Hồ Chí Minh",Trà Sữa Bobapop CN Trần Hưng Đạo,https://www.google.com/maps/place/Tr%C3%A0+S%E1%BB%AFa+Bobapop+CN+Tr%E1%BA%A7n+H%C6%B0ng+%C4%90%E1%BA%A1o/data=!4m7!3m6!1s0x31752f3fa92c54bf:0x86d0a89155f70db0!8m2!3d10.769911!4d106.697447!16s%2Fg%2F11b_2sw4y0!19sChIJv1QsqT8vdTERsA33VZGo0IY?authuser=0&hl=en&rclk=1
quán trà sữa,"Quận 1, TP. Hồ Chí Minh","quán trà sữa ở Quận 1, TP. Hồ Chí Minh",Trà Sữa ToCoToCo 83 Nguyễn Thái Học,https://www.google.com/maps/place/Tr%C3%A0+S%E1%BB%AFa+ToCoToCo+83+Nguy%E1%BB%85n+Th%C3%A1i+H%E1%BB%8Dc/data=!4m7!3m6!1s0x31752f158e3b7535:0x4c0b9192b23f798d!8m2!3d10.766991!4d106.695776!16s%2Fg%2F11g88dvqsg!19sChIJNXU7jhUvdTERjXk_spKRC0w?authuser=0&hl=en&rclk=1
quán trà sữa,"Quận 1, TP. Hồ Chí Minh","quán trà sữa ở Quận 1, TP. Hồ Chí Minh",VÂN NAM Tea & Coffee - Nguyễn Trãi,https://www.google.com/maps/place/V%C3%82N+NAM+Tea+%26+Coffee+-+Nguy%E1%BB%85n+Tr%C3%A3i/data=!4m7!3m6!1s0x31752fc679e3100d:0x27d6a60b5ccda346!8m2!3d10.7657759!4d106.688029!16s%2Fg%2F11qbd09_q5!19sChIJDRDjecYvdTERRqPNXAum1ic?authuser=0&hl=en&rclk=1
quán trà sữa,"Quận 1, TP. Hồ Chí Minh","quán trà sữa ở Quận 1, TP. Hồ Chí Minh",CoCo Bubble Tea - Chi nhánh Hồ Tùng Mậu,https://www.google.com/maps/place/CoCo+Bubble+Tea+-+Chi+nh%C3%A1nh+H%E1%BB%93+T%C3%B9ng+M%E1%BA%ADu/data=!4m7!3m6!1s0x31752f47288542b9:0x48959d60596f933f!8m2!3d10.7733085!4d106.7033202!16s%2Fg%2F11v6vt0bms!19sChIJuUKFKEcvdTERP5NvWWCdlUg?authuser=0&hl=en&rclk=1
quán trà sữa,"Quận 1, TP. Hồ Chí Minh","quán trà sữa ở Quận 1, TP. Hồ Chí Minh",KOI Thé,https://www.google.com/maps/place/KOI+Th%C3%A9/data=!4m7!3m6!1s0x31752f46d1e1b737:0x36e75f90a75ec38b!8m2!3d10.7730046!4d106.703478!16s%2Fg%2F11cs3wbcv_!19sChIJN7fh0UYvdTERi8Nep5Bf5zY?authuser=0&hl=en&rclk=1
quán trà sữa,"Quận 1, TP. Hồ Chí Minh","quán trà sữa ở Quận 1, TP. Hồ Chí Minh",Wings Tea House - Hàn Thuyên,https://www.google.com/maps/place/Wings+Tea+House+-+H%C3%A0n+Thuy%C3%AAn/data=!4m7!3m6!1s0x31752fb53e5e8279:0x8387182a4c0ecabb!8m2!3d10.77893!4d106.698435!16s%2Fg%2F11v9byqqk1!19sChIJeYJePrUvdTERu8oOTCoYh4M?authuser=0&hl=en&rclk=1
quán trà sữa,"Quận 1, TP. Hồ Chí Minh","quán trà sữa ở Quận 1, TP. Hồ Chí Minh",THE BLACK TEA,https://www.google.com/maps/place/THE+BLACK+TEA/data=!4m7!3m6!1s0x31752f10e710863b:0x577e00bc29154651!8m2!3d10.7862742!4d106.698648!16s%2Fg%2F11fkl9c9sk!19sChIJO4YQ5xAvdTERUUYVKbwAflc?authuser=0&hl=en&rclk=1
quán trà sữa,"Quận 1, TP. Hồ Chí Minh","quán trà sữa ở Quận 1, TP. Hồ Chí Minh","Tiệm trà Xi - Tea & Mocktail | Trà, Trà sữa; Trà Trái cây, Cà phê, Mocktail | Tea and Coffee","https://www.google.com/maps/place/Ti%E1%BB%87m+tr%C3%A0+Xi+-+Tea+%26+Mocktail+%7C+Tr%C3%A0,+Tr%C3%A0+s%E1%BB%AFa;+Tr%C3%A0+Tr%C3%A1i+c%C3%A2y,+C%C3%A0+ph%C3%AA,+Mocktail+%7C+Tea+and+Coffee/data=!4m7!3m6!1s0x31752f08b4aa8359:0xd9c0d5d0d0535736!8m2!3d10.7760034!4d106.7048807!16s%2Fg%2F11krx1rz5z!19sChIJWYOqtAgvdTERNldT0NDVwNk?authuser=0&hl=en&rclk=1"
quán kem,"Quận 1, TP. Hồ Chí Minh","quán kem ở Quận 1, TP. Hồ Chí Minh",Quán kem nhãn Chú Tám,https://www.google.com/maps/place/Qu%C3%A1n+kem+nh%C3%A3n+Ch%C3%BA+T%C3%A1m/data=!4m7!3m6!1s0x317528cae2beae6f:0x9d10dce05b4926c8!8m2!3d10.7916077!4d106.6967179!16s%2Fg%2F1hc6wg8gb!19sChIJb66-4soodTERyCZJW-DcEJ0?authuser=0&hl=en&rclk=1
quán kem,"Quận 1, TP. Hồ Chí Minh","quán kem ở Quận 1, TP. Hồ Chí Minh",Roseice,https://www.google.com/maps/place/Roseice/data=!4m7!3m6!1s0x31752f46c89d636b:0xf8220d8abafe791c!8m2!3d10.7696717!4d106.6966177!16s%2Fg%2F11gfj_v01n!19sChIJa2OdyEYvdTERHHn-uooNIvg?authuser=0&hl=en&rclk=1
quán kem,"Quận 1, TP. Hồ Chí Minh","quán kem ở Quận 1, TP. Hồ Chí Minh",Sul Bingsu (Kem Han Quoc),https://www.google.com/maps/place/Sul+Bingsu+%28Kem+Han+Quoc%29/data=!4m7!3m6!1s0x31752f19d54baf6d:0x2ca3d38621fa1570!8m2!3d10.7652813!4d106.6878468!16s%2Fg%2F11bwsp10mq!19sChIJba9L1RkvdTERcBX6IYbToyw?authuser=0&hl=en&rclk=1
quán kem,"Quận 1, TP. Hồ Chí Minh","quán kem ở Quận 1, TP. Hồ Chí Minh",Codonut,https://www.google.com/maps/place/Codonut/data=!4m7!3m6!1s0x31752f889150e86b:0x2fe3de633c4f49b9!8m2!3d10.7669313!4d106.694149!16s%2Fg%2F11qrhv2zgb!19sChIJa-hQkYgvdTERuUlPPGPe4y8?authuser=0&hl=en&rclk=1
quán kem,"Quận 1, TP. Hồ Chí Minh","quán kem ở Quận 1, TP. Hồ Chí Minh",Kem Tươi Nhiệt Đới,https://www.google.com/maps/place/Kem+T%C6%B0%C6%A1i+Nhi%E1%BB%87t+%C4%90%E1%BB%9Bi/data=!4m7!3m6!1s0x31752f10b3d910bb:0x4b4fd4edf8787a6!8m2!3d10.7621573!4d106.6891526!16s%2Fg%2F11fnwhfh31!19sChIJuxDZsxAvdTERpoeH3079tAQ?authuser=0&hl=en&rclk=1
quán kem,"Quận 1, TP. Hồ Chí Minh","quán kem ở Quận 1, TP. Hồ Chí Minh",RingRing Artisan Gelato,https://www.google.com/maps/place/RingRing+Artisan+Gelato/data=!4m7!3m6!1s0x31752fc6622e4c39:0x846a8cd589600594!8m2!3d10.7649899!4d106.6882715!16s%2Fg%2F11s0t1v8f2!19sChIJOUwuYsYvdTERlAVgidWMaoQ?authuser=0&hl=en&rclk=1
quán kem,"Quận 1, TP. Hồ Chí Minh","quán kem ở Quận 1, TP. Hồ Chí Minh",Snowee Nguyễn Huệ,https://www.google.com/maps/place/Snowee+Nguy%E1%BB%85n+Hu%E1%BB%87/data=!4m7!3m6!1s0x31752f5c69099ecb:0x36fe8c653f6cd1f5!8m2!3d10.7733531!4d106.7038615!16s%2Fg%2F12vsnhq_r!19sChIJy54JaVwvdTER9dFsP2WM_jY?authuser=0&hl=en&rclk=1
quán kem,"Quận 1, TP. Hồ Chí Minh","quán kem ở Quận 1, TP. Hồ Chí Minh",Bach Dang Ice Cream,https://www.google.com/maps/place/Bach+Dang+Ice+Cream/data=!4m7!3m6!1s0x31752f24e7142ff7:0xcdfa24a2e0d5c662!8m2!3d10.7745791!4d106.7007305!16s%2Fg%2F11rv00r_v8!19sChIJ9y8U5yQvdTERYsbV4KIk-s0?authuser=0&hl=en&rclk=1
quán kem,"Quận 1, TP. Hồ Chí Minh","quán kem ở Quận 1, TP. Hồ Chí Minh",Cơ Sở Kem Vi Bổn,https://www.google.com/maps/place/C%C6%A1+S%E1%BB%9F+Kem+Vi+B%E1%BB%95n/data=!4m7!3m6!1s0x317528cbad0e6bc5:0x849ce00d4b0945ed!8m2!3d10.7925767!4d106.6968978!16s%2Fg%2F1hc8gf3z9!19sChIJxWsOrcsodTER7UUJSw3gnIQ?authuser=0&hl=en&rclk=1
quán ốc,"Quận 1, TP. Hồ Chí Minh","quán ốc ở Quận 1, TP. Hồ Chí Minh",Quán Ốc Khánh,https://www.google.com/maps/place/Qu%C3%A1n+%E1%BB%90c+Kh%C3%A1nh/data=!4m7!3m6!1s0x31752f4b3034a561:0x7545d5ea6d795f9!8m2!3d10.787907!4d106.7038115!16s%2Fg%2F11b6_zx20c!19sChIJYaU0MEsvdTER-ZXXpl5dVAc?authuser=0&hl=en&rclk=1
quán ốc,"Quận 1, TP. Hồ Chí Minh","quán ốc ở Quận 1, TP. Hồ Chí Minh",ỐC KAI QUÁN,https://www.google.com/maps/place/%E1%BB%90C+KAI+QU%C3%81N/data=!4m7!3m6!1s0x31752f4b50f1c1cb:0x762cc1e94ea87226!8m2!3d10.7636986!4d106.6901224!16s%2Fg%2F11vdh6gvkb!19sChIJy8HxUEsvdTERJnKoTunBLHY?authuser=0&hl=en&rclk=1
quán ốc,"Quận 1, TP. Hồ Chí Minh","quán ốc ở Quận 1, TP. Hồ Chí Minh",Ốc Đào,https://www.google.com/maps/place/%E1%BB%90c+%C4%90%C3%A0o/data=!4m7!3m6!1s0x31752facc18a645b:0x7b48594407b5780b!8m2!3d10.765238!4d106.6846346!16s%2Fg%2F11py_wb8gc!19sChIJW2SKwawvdTERC3i1B0RZSHs?authuser=0&hl=en&rclk=1
quán ốc,"Quận 1, TP. Hồ Chí Minh","quán ốc ở Quận 1, TP. Hồ Chí Minh",Ốc Bắc Mình Ơi | ỐC NGON QUẬN 1,https://www.google.com/maps/place/%E1%BB%90c+B%E1%BA%AFc+M%C3%ACnh+%C6%A0i+%7C+%E1%BB%90C+NGON+QU%E1%BA%ACN+1/data=!4m7!3m6!1s0x31752fdeb726ac0b:0x476c1e931b64128f!8m2!3d10.7624471!4d106.6915081!16s%2Fg%2F11jyb14brs!19sChIJC6wmt94vdTERjxJkG5MebEc?authuser=0&hl=en&rclk=1
quán ốc,"Quận 1, TP. Hồ Chí Minh","quán ốc ở Quận 1, TP. Hồ Chí Minh",Nhà hàng Cậu ốc,https://www.google.com/maps/place/Nh%C3%A0+h%C3%A0ng+C%E1%BA%ADu+%E1%BB%91c/data=!4m7!3m6!1s0x31752f288aefb615:0x6242fcbf39272e7c!8m2!3d10.7662553!4d106.6935359!16s%2Fg%2F11g1lmbqhb!19sChIJFbbviigvdTERfC4nOb_8QmI?authuser=0&hl=en&rclk=1
quán ốc,"Quận 1, TP. Hồ Chí Minh","quán ốc ở Quận 1, TP. Hồ Chí Minh",Ốc Ghe,https://www.google.com/maps/place/%E1%BB%90c+Ghe/data=!4m7!3m6!1s0x31752f35067dc947:0xfb6caf3b9a3a7d!8m2!3d10.786888!4d106.697491!16s%2Fg%2F11gf5rxzdz!19sChIJR8l9BjUvdTERfTqaO69s-wA?authuser=0&hl=en&rclk=1
quán ốc,"Quận 1, TP. Hồ Chí Minh","quán ốc ở Quận 1, TP. Hồ Chí Minh",Ốc Bắc 2,https://www.google.com/maps/place/%E1%BB%90c+B%E1%BA%AFc+2/data=!4m7!3m6!1s0x31752f9e5ddcaeaf:0xbb721ba43c3169bd!8m2!3d10.7792948!4d106.7023758!16s%2Fg%2F11txfrkc8f!19sChIJr67cXZ4vdTERvWkxPKQbcrs?authuser=0&hl=en&rclk=1
quán ốc,"Quận 1, TP. Hồ Chí Minh","quán ốc ở Quận 1, TP. Hồ Chí Minh",ỐC LUỘC HÀ NGUYÊN,https://www.google.com/maps/place/%E1%BB%90C+LU%E1%BB%98C+H%C3%80+NGUY%C3%8AN/data=!4m7!3m6!1s0x3175298e3095bc0b:0x2eb7588f05a2b0e5!8m2!3d10.7945586!4d106.6889687!16s%2Fg%2F11kqrfs1pd!19sChIJC7yVMI4pdTER5bCiBY9Yty4?authuser=0&hl=en&rclk=1
quán ốc,"Quận 1, TP. Hồ Chí Minh","quán ốc ở Quận 1, TP. Hồ Chí Minh",Ốc Diệu Bùi Viện,https://www.google.com/maps/place/%E1%BB%90c+Di%E1%BB%87u+B%C3%B9i+Vi%E1%BB%87n/data=!4m7!3m6!1s0x31752f1625256d8b:0x8c00e1c5fda8ba60!8m2!3d10.7671587!4d106.6918683!16s%2Fg%2F11fkn152qw!19sChIJi20lJRYvdTERYLqo_cXhAIw?authuser=0&hl=en&rclk=1
quán chè,"Quận 1, TP. Hồ Chí Minh","quán chè ở Quận 1, TP. Hồ Chí Minh",Chè Cô Giang,https://www.google.com/maps/place/Ch%C3%A8+C%C3%B4+Giang/data=!4m7!3m6!1s0x31752f146a8de093:0xd66dcbf085ca8893!8m2!3d10.7634709!4d106.695598!16s%2Fg%2F11flt90n3j!19sChIJk-CNahQvdTERk4jKhfDLbdY?authuser=0&hl=en&rclk=1
quán chè,"Quận 1, TP. Hồ Chí Minh","quán chè ở Quận 1, TP. Hồ Chí Minh",Chè Khúc Bạch Thanh,https://www.google.com/maps/place/Ch%C3%A8+Kh%C3%BAc+B%E1%BA%A1ch+Thanh/data=!4m7!3m6!1s0x317528cc0d0a3a59:0xde41fbc5f932f770!8m2!3d10.7938967!4d106.6932545!16s%2Fg%2F11cp5hr3_z!19sChIJWToKDcwodTERcPcy-cX7Qd4?authuser=0&hl=en&rclk=1
quán chè,"Quận 1, TP. Hồ Chí Minh","quán chè ở Quận 1, TP. Hồ Chí Minh",Ngọc Thạch Quán Q1 ( đặc sản chè Hà Nội ),https://www.google.com/maps/place/Ng%E1%BB%8Dc+Th%E1%BA%A1ch+Qu%C3%A1n+Q1+%28+%C4%91%E1%BA%B7c+s%E1%BA%A3n+ch%C3%A8+H%C3%A0+N%E1%BB%99i+%29/data=!4m7!3m6!1s0x31752f0059e6fbdb:0x51b3e4b54acaf578!8m2!3d10.7691953!4d106.69679!16s%2Fg%2F11vypyqfxs!19sChIJ2_vmWQAvdTERePXKSrXks1E?authuser=0&hl=en&rclk=1
quán chè,"Quận 1, TP. Hồ Chí Minh","quán chè ở Quận 1, TP. Hồ Chí Minh",Chè Miss Đác chi nhánh 2,https://www.google.com/maps/place/Ch%C3%A8+Miss+%C4%90%C3%A1c+chi+nh%C3%A1nh+2/data=!4m7!3m6!1s0x31752922d19f86c7:0x3a2a13e41ba45550!8m2!3d10.7931596!4d106.6967565!16s%2Fg%2F11qmpj1gk0!19sChIJx4af0SIpdTERUFWkG-QTKjo?authuser=0&hl=en&rclk=1
quán chè,"Quận 1, TP. Hồ Chí Minh","quán chè ở Quận 1, TP. Hồ Chí Minh",Quán Chè Lâm Vinh Mậu,https://www.google.com/maps/place/Qu%C3%A1n+Ch%C3%A8+L%C3%A2m+Vinh+M%E1%BA%ADu/data=!4m7!3m6!1s0x31752f4062e265c3:0x27472d77ff47c5e!8m2!3d10.7700069!4d106.7006911!16s%2Fg%2F11b807y670!19sChIJw2XiYkAvdTERXnz0f9dydAI?authuser=0&hl=en&rclk=1
quán chè,"Quận 1, TP. Hồ Chí Minh","quán chè ở Quận 1, TP. Hồ Chí Minh",Chè bà Lộc,https://www.google.com/maps/place/Ch%C3%A8+b%C3%A0+L%E1%BB%99c/data=!4m7!3m6!1s0x31752f7da0ebcff3:0x98b10f7d8ec5c59!8m2!3d10.7884211!4d106.6998537!16s%2Fg%2F11j3w6nmn3!19sChIJ88_roH0vdTERWVzs2PcQiwk?authuser=0&hl=en&rclk=1
quán chè,"Quận 1, TP. Hồ Chí Minh","quán chè ở Quận 1, TP. Hồ Chí Minh",Ms Có Sweet soup (Cambodian sweet soup),https://www.google.com/maps/place/Ms+C%C3%B3+Sweet+soup+%28Cambodian+sweet+soup%29/data=!4m7!3m6!1s0x31752f1e3d0d2dc5:0x14225266c7f7f0bc!8m2!3d10.7645618!4d106.6772042!16s%2Fg%2F11bccmlrng!19sChIJxS0NPR4vdTERvPD3x2ZSIhQ?authuser=0&hl=en&rclk=1
quán chè,"Quận 1, TP. Hồ Chí Minh","quán chè ở Quận 1, TP. Hồ Chí Minh",Chè bưởi - há cảo,https://www.google.com/maps/place/Ch%C3%A8+b%C6%B0%E1%BB%9Fi+-+h%C3%A1+c%E1%BA%A3o/data=!4m7!3m6!1s0x31752f143e34f1bd:0x3449b9e222af74c1!8m2!3d10.7636488!4d106.6952905!16s%2Fg%2F11byxd_5ng!19sChIJvfE0PhQvdTERwXSvIuK5STQ?authuser=0&hl=en&rclk=1
quán chè,"Quận 1, TP. Hồ Chí Minh","quán chè ở Quận 1, TP. Hồ Chí Minh",Quán Chè Khúc Bạch Takeaway,https://www.google.com/maps/place/Qu%C3%A1n+Ch%C3%A8+Kh%C3%BAc+B%E1%BA%A1ch+Takeaway/data=!4m7!3m6!1s0x317528cc53ec55e5:0x8fe406a94e26a70f!8m2!3d10.7926881!4d106.6913324!16s%2Fg%2F11csrpth3l!19sChIJ5VXsU8wodTERD6cmTqkG5I8?authuser=0&hl=en&rclk=1
